x-axis,1,2
second,Volt,Ampere
-2.1400E-03,,
-2.1300E-03,,
-2.1200E-03,+150.4309E-03,+4.2651E-03
-2.1100E-03,+111.5214E-03,+4.2651E-03
-2.1000E-03,+132.2677E-03,+4.2651E-03
-2.0900E-03,+88.1920E-03,+4.2651E-03
-2.0800E-03,+80.4020E-03,+7.6374E-03
-2.0700E-03,+114.1046E-03,+4.2651E-03
-2.0600E-03,+134.8509E-03,+4.2651E-03
-2.0500E-03,+155.5972E-03,+4.5254E-03
-2.0400E-03,+95.9415E-03,+4.2651E-03
-2.0300E-03,+80.4020E-03,+6.4709E-03
-2.0200E-03,+160.8040E-03,+4.2651E-03
-2.0100E-03,+83.0257E-03,+4.2651E-03
-2.0000E-03,+160.8040E-03,+4.2651E-03
-1.9900E-03,+160.8040E-03,+2.1884E-03
-1.9800E-03,+80.4020E-03,+4.2651E-03
-1.9700E-03,+80.4425E-03,+4.2651E-03
-1.9600E-03,+140.0983E-03,+4.2651E-03
-1.9500E-03,+121.8541E-03,+4.2651E-03
-1.9400E-03,+160.8040E-03,+4.2651E-03
-1.9300E-03,+160.8040E-03,+4.2651E-03
-1.9200E-03,+103.6909E-03,+4.2651E-03
-1.9100E-03,+124.4372E-03,+4.2651E-03
-1.9000E-03,+160.8040E-03,+4.2651E-03
-1.8900E-03,+160.8040E-03,+4.0088E-03
-1.8800E-03,+80.4020E-03,+4.2651E-03
-1.8700E-03,+160.8040E-03,+4.2651E-03
-1.8600E-03,+160.8040E-03,+7.6333E-03
-1.8500E-03,+160.8040E-03,+4.2651E-03
-1.8400E-03,+160.8040E-03,+4.2651E-03
-1.8300E-03,+129.6035E-03,+5.8251E-03
-1.8200E-03,+80.4020E-03,+3.7424E-03
-1.8100E-03,+160.8040E-03,+4.2651E-03
-1.8000E-03,+160.8040E-03,+5.8170E-03
-1.7900E-03,+160.8040E-03,+2.8342E-03
-1.7800E-03,+152.9330E-03,+4.6586E-03
-1.7700E-03,+80.4020E-03,+4.2651E-03
-1.7600E-03,+160.8040E-03,+2.5840E-03
-1.7500E-03,+134.7698E-03,+4.2651E-03
-1.7400E-03,+160.8040E-03,+4.2651E-03
-1.7300E-03,+80.4020E-03,+4.2651E-03
-1.7200E-03,+124.5993E-03,+4.6647E-03
-1.7100E-03,+137.3530E-03,+5.4376E-03
-1.7000E-03,+158.0993E-03,+8.1499E-03
-1.6900E-03,+142.7625E-03,+4.2651E-03
-1.6800E-03,+119.1899E-03,+4.2651E-03
-1.6700E-03,+160.8040E-03,+4.2651E-03
-1.6600E-03,+160.6824E-03,+4.2590E-03
-1.6500E-03,+101.0267E-03,+4.2651E-03
-1.6400E-03,+80.4020E-03,+4.2651E-03
-1.6300E-03,+142.5193E-03,+4.2651E-03
-1.6200E-03,+80.4020E-03,+4.2651E-03
-1.6100E-03,+103.6099E-03,+4.2651E-03
-1.6000E-03,+116.8499E-03,+6.0875E-03
-1.5900E-03,+160.8040E-03,+4.2651E-03
-1.5800E-03,+155.7593E-03,+4.2651E-03
-1.5700E-03,+135.0130E-03,+4.2651E-03
-1.5600E-03,+126.9393E-03,+1.9382E-03
-1.5500E-03,+80.4020E-03,+4.9210E-03
-1.5400E-03,+153.1761E-03,+4.6465E-03
-1.5300E-03,+132.4298E-03,+4.2651E-03
-1.5200E-03,+111.6835E-03,+4.2651E-03
-1.5100E-03,+80.4020E-03,+4.2651E-03
-1.5000E-03,+160.8040E-03,+4.2651E-03
-1.4900E-03,+160.8040E-03,+5.8129E-03
-1.4800E-03,+132.1056E-03,+6.8503E-03
-1.4700E-03,+160.8040E-03,+3.8675E-03
-1.4600E-03,+148.0098E-03,+4.2651E-03
-1.4500E-03,+160.8040E-03,+6.6082E-03
-1.4400E-03,+134.6888E-03,+8.2852E-03
-1.4300E-03,+155.4351E-03,+4.2651E-03
-1.4200E-03,+95.7794E-03,+4.2651E-03
-1.4100E-03,+160.8040E-03,+2.4589E-03
-1.4000E-03,+103.9341E-03,+4.2651E-03
-1.3900E-03,+160.8040E-03,+4.2651E-03
-1.3800E-03,+142.8435E-03,+3.3671E-03
-1.3700E-03,+160.8040E-03,+4.2651E-03
-1.3600E-03,+101.3509E-03,+4.2651E-03
-1.3500E-03,+80.4020E-03,+4.2651E-03
-1.3400E-03,+100.9457E-03,+7.2580E-03
-1.3300E-03,+119.5141E-03,+4.2651E-03
-1.3200E-03,+160.8040E-03,+4.2651E-03
-1.3100E-03,+80.4020E-03,+4.3841E-03
-1.3000E-03,+160.8040E-03,+4.2651E-03
-1.2900E-03,+160.8040E-03,+6.4587E-03
-1.2800E-03,+145.0214E-03,+4.2651E-03
-1.2700E-03,+155.8403E-03,+493.2E-06
-1.2600E-03,+106.1120E-03,+4.2651E-03
-1.2500E-03,+126.8583E-03,+4.2651E-03
-1.2400E-03,+147.6046E-03,+4.2651E-03
-1.2300E-03,+87.9488E-03,+4.6424E-03
-1.2200E-03,+80.4020E-03,+4.2651E-03
-1.2100E-03,+80.4020E-03,+6.7171E-03
-1.2000E-03,+80.4020E-03,+775.8E-06
-1.1900E-03,+160.8040E-03,+4.2651E-03
-1.1800E-03,+80.4020E-03,+6.7414E-03
-1.1700E-03,+109.1814E-03,+6.8462E-03
-1.1600E-03,+160.8040E-03,+4.2651E-03
-1.1500E-03,+148.0909E-03,+7.6495E-03
-1.1400E-03,+80.4020E-03,+4.2651E-03
-1.1300E-03,+134.6077E-03,+4.2651E-03
-1.1200E-03,+80.4020E-03,+4.2651E-03
-1.1100E-03,+145.5077E-03,+4.2651E-03
-1.1000E-03,+116.4446E-03,+4.2651E-03
-1.0900E-03,+160.8040E-03,+4.2651E-03
-1.0800E-03,+157.9372E-03,+4.2651E-03
-1.0700E-03,+160.8040E-03,+4.2651E-03
-1.0600E-03,+160.8040E-03,+2.3338E-03
-1.0500E-03,+101.4320E-03,+4.2651E-03
-1.0400E-03,+160.5203E-03,+4.2509E-03
-1.0300E-03,+160.8040E-03,+4.2651E-03
-1.0200E-03,+119.5951E-03,+2.3054E-03
-1.0100E-03,+142.3572E-03,+4.2651E-03
-1.0000E-03,+82.7015E-03,+4.2651E-03
-990.0E-06,+160.8040E-03,+4.2651E-03
-980.0E-06,+80.4020E-03,+4.2651E-03
-970.0E-06,+144.9404E-03,+4.2651E-03
-960.0E-06,+155.9214E-03,+4.2651E-03
-950.0E-06,+106.0309E-03,+4.2651E-03
-940.0E-06,+126.7772E-03,+1.9463E-03
-930.0E-06,+93.6825E-03,+4.2651E-03
-920.0E-06,+80.4020E-03,+4.2651E-03
-910.0E-06,+160.8040E-03,+1.6556E-03
-900.0E-06,+111.8456E-03,+6.7130E-03
-890.0E-06,+80.4020E-03,+4.2651E-03
-880.0E-06,+150.7551E-03,+4.2651E-03
-870.0E-06,+160.8040E-03,+1.7847E-03
-860.0E-06,+109.2625E-03,+4.2651E-03
-850.0E-06,+160.8040E-03,+4.2651E-03
-840.0E-06,+148.1719E-03,+4.2651E-03
-830.0E-06,+160.8040E-03,+4.2651E-03
-820.0E-06,+160.8040E-03,+5.5789E-03
-810.0E-06,+160.8040E-03,+4.2651E-03
-800.0E-06,+95.6173E-03,+3.5043E-03
-790.0E-06,+160.8040E-03,+4.2651E-03
-780.0E-06,+160.8040E-03,+7.1005E-03
-770.0E-06,+160.8040E-03,+4.2651E-03
-760.0E-06,+98.2004E-03,+5.1550E-03
-750.0E-06,+80.4020E-03,+4.2651E-03
-740.0E-06,+139.6930E-03,+4.2651E-03
-730.0E-06,+80.7667E-03,+4.2651E-03
-720.0E-06,+80.4020E-03,+1.2641E-03
-710.0E-06,+160.8040E-03,+4.2651E-03
-700.0E-06,+80.4020E-03,+5.1915E-03
-690.0E-06,+80.4020E-03,+4.2651E-03
-680.0E-06,+80.4020E-03,+4.2651E-03
-670.0E-06,+124.1130E-03,+4.2651E-03
-660.0E-06,+96.3467E-03,+4.2651E-03
-650.0E-06,+85.2036E-03,+4.2651E-03
-640.0E-06,+160.8040E-03,+4.2651E-03
-630.0E-06,+80.4020E-03,+4.2651E-03
-620.0E-06,+147.4425E-03,+4.2651E-03
-610.0E-06,+87.7867E-03,+7.9159E-03
-600.0E-06,+160.8040E-03,+6.8786E-03
-590.0E-06,+80.4020E-03,+4.2651E-03
-580.0E-06,+160.8040E-03,+4.2651E-03
-570.0E-06,+80.4020E-03,+4.2651E-03
-560.0E-06,+111.1162E-03,+4.2651E-03
-550.0E-06,+109.3435E-03,+4.2651E-03
-540.0E-06,+88.5973E-03,+4.2651E-03
-530.0E-06,+160.8040E-03,+4.2651E-03
-520.0E-06,+113.6993E-03,+4.2651E-03
-510.0E-06,+106.7604E-03,+4.2651E-03
-500.0E-06,+155.1919E-03,+4.2651E-03
-490.0E-06,+80.4020E-03,+1.0017E-03
-480.0E-06,+80.4020E-03,+6.0591E-03
-470.0E-06,+160.8040E-03,+4.2651E-03
-460.0E-06,+83.4309E-03,+4.2651E-03
-450.0E-06,+160.8040E-03,+4.2651E-03
-440.0E-06,+118.8657E-03,+6.3620E-03
-430.0E-06,+101.5941E-03,+4.2651E-03
-420.0E-06,+160.8040E-03,+4.2428E-03
-410.0E-06,+80.4020E-03,+4.2651E-03
-400.0E-06,+80.4020E-03,+6.3174E-03
-390.0E-06,+160.8040E-03,+7.3547E-03
-380.0E-06,+158.6666E-03,+4.2651E-03
-370.0E-06,+103.2857E-03,+4.2651E-03
-360.0E-06,+80.4020E-03,+4.2651E-03
-350.0E-06,+160.8040E-03,+4.2651E-03
-340.0E-06,+160.8040E-03,+4.2651E-03
-330.0E-06,+135.3372E-03,+4.2651E-03
-320.0E-06,+160.8040E-03,+4.2651E-03
-310.0E-06,+160.8040E-03,+4.2651E-03
-300.0E-06,+160.8040E-03,+4.2651E-03
-290.0E-06,+132.7540E-03,+4.2651E-03
-280.0E-06,+80.4020E-03,+5.8454E-03
-270.0E-06,+160.8040E-03,+3.7221E-03
-260.0E-06,+80.4020E-03,+7.7908E-03
-250.0E-06,+160.8040E-03,+4.2651E-03
-240.0E-06,+109.4246E-03,+4.2651E-03
-230.0E-06,+160.8040E-03,+4.2651E-03
-220.0E-06,+160.8040E-03,+868.5E-06
-210.0E-06,+80.4020E-03,+5.9259E-03
-200.0E-06,+134.3646E-03,+5.5871E-03
-190.0E-06,+80.4020E-03,+4.5497E-03
-180.0E-06,+80.4020E-03,+7.5325E-03
-170.0E-06,+116.2015E-03,+4.7052E-03
-160.0E-06,+160.8040E-03,+4.2651E-03
-150.0E-06,+157.6940E-03,+4.2651E-03
-140.0E-06,+143.1677E-03,+4.2651E-03
-130.0E-06,+160.8040E-03,+4.2651E-03
-120.0E-06,+80.4020E-03,+4.2651E-03
-110.0E-06,+160.2772E-03,+271.3E-06
-100.0E-06,+140.5846E-03,+6.2632E-03
-90.0E-06,+121.3678E-03,+4.2651E-03
-80.0E-06,+80.4020E-03,+4.2651E-03
-70.0E-06,+160.8040E-03,+4.2651E-03
-60.0E-06,+160.8040E-03,+4.2651E-03
-50.0E-06,+117.2551E-03,+4.2651E-03
-40.0E-06,+144.6972E-03,+20.3455E-03
-30.0E-06,+160.8040E-03,+32.4058E-03
-20.0E-06,+160.8040E-03,+31.1365E-03
-10.0E-06,+160.8040E-03,+30.0992E-03
+0.0E+00,-307.3445E-03,+15.0100E-03
+10.0E-06,+160.8040E-03,+48.4862E-03
+20.0E-06,+160.8040E-03,+59.1480E-03
+30.0E-06,+160.8040E-03,+56.5264E-03
+40.0E-06,+241.2060E-03,+56.5264E-03
+50.0E-06,+170.6098E-03,+56.0361E-03
+60.0E-06,+241.2060E-03,+70.1143E-03
+70.0E-06,+241.2060E-03,+84.6671E-03
+80.0E-06,+241.2060E-03,+80.6470E-03
+90.0E-06,+309.2191E-03,+81.2664E-03
+100.0E-06,+463.4083E-03,+78.2836E-03
+110.0E-06,+321.6080E-03,+95.4014E-03
+120.0E-06,+321.6080E-03,+104.7676E-03
+130.0E-06,+321.6080E-03,+104.7676E-03
+140.0E-06,+321.6080E-03,+102.5334E-03
+150.0E-06,+473.8220E-03,+100.7475E-03
+160.0E-06,+402.0100E-03,+120.6884E-03
+170.0E-06,+464.8568E-03,+128.8882E-03
+180.0E-06,+482.4121E-03,+126.9731E-03
+190.0E-06,+482.4121E-03,+121.9157E-03
+200.0E-06,+635.3137E-03,+120.8176E-03
+210.0E-06,+482.4121E-03,+140.9485E-03
+220.0E-06,+562.8141E-03,+151.0329E-03
+230.0E-06,+562.8141E-03,+148.0501E-03
+240.0E-06,+643.2161E-03,+144.9686E-03
+250.0E-06,+643.2161E-03,+146.1047E-03
+260.0E-06,+643.2161E-03,+161.0490E-03
+270.0E-06,+659.4039E-03,+169.0892E-03
+280.0E-06,+723.6181E-03,+169.3171E-03
+290.0E-06,+723.6181E-03,+169.0892E-03
+300.0E-06,+804.0201E-03,+167.3716E-03
+310.0E-06,+870.8174E-03,+185.1696E-03
+320.0E-06,+811.1617E-03,+192.8527E-03
+330.0E-06,+936.9362E-03,+187.7953E-03
+340.0E-06,+933.0563E-03,+185.1696E-03
+350.0E-06,+964.8241E-03,+185.1696E-03
+360.0E-06,+1.0452261E+00,+197.7161E-03
+370.0E-06,+1.0452261E+00,+209.2902E-03
+380.0E-06,+1.0452261E+00,+205.2701E-03
+390.0E-06,+1.0452261E+00,+201.6719E-03
+400.0E-06,+1.1379360E+00,+201.8654E-03
+410.0E-06,+1.2060301E+00,+217.3304E-03
+420.0E-06,+1.2060301E+00,+229.3907E-03
+430.0E-06,+1.2922874E+00,+225.0778E-03
+440.0E-06,+1.2864321E+00,+217.3304E-03
+450.0E-06,+1.3668342E+00,+219.1123E-03
+460.0E-06,+1.3908525E+00,+236.2300E-03
+470.0E-06,+1.4472362E+00,+241.6146E-03
+480.0E-06,+1.4647104E+00,+241.4510E-03
+490.0E-06,+1.5276382E+00,+235.3218E-03
+500.0E-06,+1.5866050E+00,+236.3591E-03
+510.0E-06,+1.6080402E+00,+249.5257E-03
+520.0E-06,+1.6884422E+00,+261.5515E-03
+530.0E-06,+1.6884422E+00,+253.5113E-03
+540.0E-06,+1.7688442E+00,+249.4912E-03
+550.0E-06,+1.7707384E+00,+249.4912E-03
+560.0E-06,+1.8492462E+00,+265.5716E-03
+570.0E-06,+1.9296482E+00,+271.7611E-03
+580.0E-06,+1.9296482E+00,+269.5917E-03
+590.0E-06,+2.0100502E+00,+265.3477E-03
+600.0E-06,+2.0100502E+00,+265.5716E-03
+610.0E-06,+2.0904522E+00,+277.6319E-03
+620.0E-06,+2.1571685E+00,+286.3564E-03
+630.0E-06,+2.1708542E+00,+281.6520E-03
+640.0E-06,+2.2512563E+00,+280.2617E-03
+650.0E-06,+2.2512563E+00,+277.6319E-03
+660.0E-06,+2.3316583E+00,+290.2473E-03
+670.0E-06,+2.4024166E+00,+301.2703E-03
+680.0E-06,+2.4120603E+00,+293.7123E-03
+690.0E-06,+2.4924623E+00,+288.2289E-03
+700.0E-06,+2.4924623E+00,+285.2461E-03
+710.0E-06,+2.5728643E+00,+297.7324E-03
+720.0E-06,+2.6532663E+00,+305.7726E-03
+730.0E-06,+2.6532663E+00,+304.4385E-03
+740.0E-06,+2.7336683E+00,+301.4557E-03
+750.0E-06,+2.7992603E+00,+297.7324E-03
+760.0E-06,+2.8944723E+00,+309.7927E-03
+770.0E-06,+2.9185718E+00,+316.6279E-03
+780.0E-06,+2.9748743E+00,+309.7927E-03
+790.0E-06,+2.9748743E+00,+305.7726E-03
+800.0E-06,+3.0552763E+00,+301.7525E-03
+810.0E-06,+3.1141621E+00,+314.8886E-03
+820.0E-06,+3.1356784E+00,+321.8530E-03
+830.0E-06,+3.2160804E+00,+314.8116E-03
+840.0E-06,+3.2964824E+00,+309.7927E-03
+850.0E-06,+3.2964824E+00,+309.7927E-03
+860.0E-06,+3.3768844E+00,+321.9437E-03
+870.0E-06,+3.4572864E+00,+329.8932E-03
+880.0E-06,+3.4572864E+00,+321.8530E-03
+890.0E-06,+3.4736364E+00,+317.8329E-03
+900.0E-06,+3.6136941E+00,+317.8329E-03
+910.0E-06,+3.6180904E+00,+329.8932E-03
+920.0E-06,+3.6984924E+00,+336.2078E-03
+930.0E-06,+3.6984924E+00,+326.5615E-03
+940.0E-06,+3.7788944E+00,+325.8731E-03
+950.0E-06,+3.8592964E+00,+320.4667E-03
+960.0E-06,+3.8592964E+00,+333.9133E-03
+970.0E-06,+3.9396985E+00,+337.9334E-03
+980.0E-06,+4.0201005E+00,+330.3713E-03
+990.0E-06,+4.0701935E+00,+325.8731E-03
+1.0000E-03,+4.1005025E+00,+321.8530E-03
+1.0100E-03,+4.1723040E+00,+333.9133E-03
+1.0200E-03,+4.1809045E+00,+341.9535E-03
+1.0300E-03,+4.2613065E+00,+333.9133E-03
+1.0400E-03,+4.3149449E+00,+329.8932E-03
+1.0500E-03,+4.3417085E+00,+325.8731E-03
+1.0600E-03,+4.4221105E+00,+337.9334E-03
+1.0700E-03,+4.5025125E+00,+340.1798E-03
+1.0800E-03,+4.5266930E+00,+335.1223E-03
+1.0900E-03,+4.5829145E+00,+326.0448E-03
+1.1000E-03,+4.5829145E+00,+325.8731E-03
+1.1100E-03,+4.7013749E+00,+337.9334E-03
+1.1200E-03,+4.7437185E+00,+341.9535E-03
+1.1300E-03,+4.8241206E+00,+333.9133E-03
+1.1400E-03,+4.8241206E+00,+326.8679E-03
+1.1500E-03,+4.9045226E+00,+325.8731E-03
+1.1600E-03,+4.9045226E+00,+336.9827E-03
+1.1700E-03,+4.9849246E+00,+337.9334E-03
+1.1800E-03,+5.0653266E+00,+333.9133E-03
+1.1900E-03,+5.1025039E+00,+325.8731E-03
+1.2000E-03,+5.0817576E+00,+321.8530E-03
+1.2100E-03,+5.2218153E+00,+333.9133E-03
+1.2200E-03,+5.2261306E+00,+336.6803E-03
+1.2300E-03,+5.3065326E+00,+329.8932E-03
+1.2400E-03,+5.3730868E+00,+321.1606E-03
+1.2500E-03,+5.3869346E+00,+317.8329E-03
+1.2600E-03,+5.4145793E+00,+329.8932E-03
+1.2700E-03,+5.4993476E+00,+331.4938E-03
+1.2800E-03,+5.5477386E+00,+322.4163E-03
+1.2900E-03,+5.6281406E+00,+314.2869E-03
+1.3000E-03,+5.6281406E+00,+313.8128E-03
+1.3100E-03,+5.6575685E+00,+325.8731E-03
+1.3200E-03,+5.7172242E+00,+329.4591E-03
+1.3300E-03,+5.7889447E+00,+317.2297E-03
+1.3400E-03,+5.8365356E+00,+311.4333E-03
+1.3500E-03,+5.8693467E+00,+305.7726E-03
+1.3600E-03,+5.8754451E+00,+317.8329E-03
+1.3700E-03,+5.9497487E+00,+318.5653E-03
+1.3800E-03,+6.0301507E+00,+309.7927E-03
+1.3900E-03,+6.0301507E+00,+305.7726E-03
+1.4000E-03,+6.0301507E+00,+301.7525E-03
+1.4100E-03,+6.1277838E+00,+312.9513E-03
+1.4200E-03,+6.1529774E+00,+311.9139E-03
+1.4300E-03,+6.1909547E+00,+305.7726E-03
+1.4400E-03,+6.2704246E+00,+293.7589E-03
+1.4500E-03,+6.2713567E+00,+294.7030E-03
+1.4600E-03,+6.3517587E+00,+301.7525E-03
+1.4700E-03,+6.3708539E+00,+304.8179E-03
+1.4800E-03,+6.3534098E+00,+297.6499E-03
+1.4900E-03,+6.4901654E+00,+289.6922E-03
+1.5000E-03,+6.5125627E+00,+285.6721E-03
+1.5100E-03,+6.5125627E+00,+294.5379E-03
+1.5200E-03,+6.5929648E+00,+293.7123E-03
+1.5300E-03,+6.6179453E+00,+285.6721E-03
+1.5400E-03,+6.6733668E+00,+277.6319E-03
+1.5500E-03,+6.6733668E+00,+273.6118E-03
+1.5600E-03,+6.6801841E+00,+281.9929E-03
+1.5700E-03,+6.7537688E+00,+284.2939E-03
+1.5800E-03,+6.8020787E+00,+276.0273E-03
+1.5900E-03,+6.8341708E+00,+265.5716E-03
+1.6000E-03,+6.9051722E+00,+261.5515E-03
+1.6100E-03,+6.9145728E+00,+273.6118E-03
+1.6200E-03,+6.9440817E+00,+273.6118E-03
+1.6300E-03,+6.9949748E+00,+265.1335E-03
+1.6400E-03,+6.9949748E+00,+254.1105E-03
+1.6500E-03,+7.0277048E+00,+251.8748E-03
+1.6600E-03,+7.0753768E+00,+261.5515E-03
+1.6700E-03,+7.0815562E+00,+261.8605E-03
+1.6800E-03,+7.1557788E+00,+253.5113E-03
+1.6900E-03,+7.1557788E+00,+243.7054E-03
+1.7000E-03,+7.1557788E+00,+237.4309E-03
+1.7100E-03,+7.1593751E+00,+249.4912E-03
+1.7200E-03,+7.2533308E+00,+249.4912E-03
+1.7300E-03,+7.3165828E+00,+241.4510E-03
+1.7400E-03,+7.3165828E+00,+233.4108E-03
+1.7500E-03,+7.3165828E+00,+229.3907E-03
+1.7600E-03,+7.3363160E+00,+237.4309E-03
+1.7700E-03,+7.3969848E+00,+233.4108E-03
+1.7800E-03,+7.3969848E+00,+226.3294E-03
+1.7900E-03,+7.3969848E+00,+221.2720E-03
+1.8000E-03,+7.4773869E+00,+214.4261E-03
+1.8100E-03,+7.4400475E+00,+225.3706E-03
+1.8200E-03,+7.4773869E+00,+224.5409E-03
+1.8300E-03,+7.5536357E+00,+213.3103E-03
+1.8400E-03,+7.4773869E+00,+205.2701E-03
+1.8500E-03,+7.5577889E+00,+201.2500E-03
+1.8600E-03,+7.6381909E+00,+209.2902E-03
+1.8700E-03,+7.6314545E+00,+212.9735E-03
+1.8800E-03,+7.6381909E+00,+201.2500E-03
+1.8900E-03,+7.6381909E+00,+189.1897E-03
+1.9000E-03,+7.6381909E+00,+188.6184E-03
+1.9100E-03,+7.6381909E+00,+197.2299E-03
+1.9200E-03,+7.6682567E+00,+197.2299E-03
+1.9300E-03,+7.7185929E+00,+185.1696E-03
+1.9400E-03,+7.7185929E+00,+177.1294E-03
+1.9500E-03,+7.7185929E+00,+173.1093E-03
+1.9600E-03,+7.7185929E+00,+185.1696E-03
+1.9700E-03,+7.7719881E+00,+181.1495E-03
+1.9800E-03,+7.7185929E+00,+173.1093E-03
+1.9900E-03,+7.7989949E+00,+165.0691E-03
+2.0000E-03,+7.7989949E+00,+158.7905E-03
+2.0100E-03,+7.7989949E+00,+170.3104E-03
+2.0200E-03,+7.7989949E+00,+165.2530E-03
+2.0300E-03,+7.8623279E+00,+157.0289E-03
+2.0400E-03,+7.8368101E+00,+148.9887E-03
+2.0500E-03,+7.8208354E+00,+144.9686E-03
+2.0600E-03,+7.8000891E+00,+153.0635E-03
+2.0700E-03,+7.8793969E+00,+149.9713E-03
+2.0800E-03,+7.8793969E+00,+140.9485E-03
+2.0900E-03,+7.8793969E+00,+132.9083E-03
+2.1000E-03,+7.8793969E+00,+128.9626E-03
+2.1100E-03,+7.8793969E+00,+139.8367E-03
+2.1200E-03,+7.8793969E+00,+136.9284E-03
+2.1300E-03,+7.8793969E+00,+125.7018E-03
+2.1400E-03,+7.8793969E+00,+120.6444E-03
+2.1500E-03,+7.9349805E+00,+115.5870E-03
+2.1600E-03,+7.9597989E+00,+124.3317E-03
+2.1700E-03,+7.8793969E+00,+120.8480E-03
+2.1800E-03,+7.8793969E+00,+112.8078E-03
+2.1900E-03,+7.9597989E+00,+104.7676E-03
+2.2000E-03,+7.9597989E+00,+100.7475E-03
+2.2100E-03,+7.8909048E+00,+108.7877E-03
+2.2200E-03,+7.9505605E+00,+108.7877E-03
+2.2300E-03,+7.8793969E+00,+98.2266E-03
+2.2400E-03,+7.9301279E+00,+88.6872E-03
+2.2500E-03,+7.9508742E+00,+84.6671E-03
+2.2600E-03,+7.9597989E+00,+92.7073E-03
+2.2700E-03,+7.9597989E+00,+90.3156E-03
+2.2800E-03,+7.9064847E+00,+82.0014E-03
+2.2900E-03,+7.9597989E+00,+72.6068E-03
+2.3000E-03,+7.9597989E+00,+71.8865E-03
+2.3100E-03,+7.9246479E+00,+78.3844E-03
+2.3200E-03,+7.9039016E+00,+76.6269E-03
+2.3300E-03,+7.8793969E+00,+68.7746E-03
+2.3400E-03,+7.8793969E+00,+60.5465E-03
+2.3500E-03,+7.8793969E+00,+58.6598E-03
+2.3600E-03,+7.8793969E+00,+64.5666E-03
+2.3700E-03,+7.8793969E+00,+64.5666E-03
+2.3800E-03,+7.8793969E+00,+52.5063E-03
+2.3900E-03,+7.8793969E+00,+44.4661E-03
+2.4000E-03,+7.8793969E+00,+41.4129E-03
+2.4100E-03,+7.8779890E+00,+52.5063E-03
+2.4200E-03,+7.8793969E+00,+48.4862E-03
+2.4300E-03,+7.7989949E+00,+42.5910E-03
+2.4400E-03,+7.8157501E+00,+31.5680E-03
+2.4500E-03,+7.7989949E+00,+28.3857E-03
+2.4600E-03,+7.7742575E+00,+39.2091E-03
+2.4700E-03,+7.7989949E+00,+38.7001E-03
+2.4800E-03,+7.7989949E+00,+25.0742E-03
+2.4900E-03,+7.7185929E+00,+16.6541E-03
+2.5000E-03,+7.7185929E+00,+16.3254E-03
+2.5100E-03,+7.7185929E+00,+25.9823E-03
+2.5200E-03,+7.7185929E+00,+24.3656E-03
+2.5300E-03,+7.7185929E+00,+12.3053E-03
+2.5400E-03,+7.7185929E+00,+5.7603E-03
+2.5500E-03,+7.6679429E+00,+6.7976E-03
+2.5600E-03,+7.6381909E+00,+16.3254E-03
+2.5700E-03,+7.6381909E+00,+12.3053E-03
+2.5800E-03,+7.6381909E+00,+4.2651E-03
+2.5900E-03,+7.5849577E+00,+5.6235E-03
+2.6000E-03,+7.6317683E+00,+4.5862E-03
+2.6100E-03,+7.6381909E+00,+16.3254E-03
+2.6200E-03,+7.5928589E+00,+12.3053E-03
+2.6300E-03,+7.5577889E+00,+4.2651E-03
+2.6400E-03,+7.5577889E+00,+8.2852E-03
+2.6500E-03,+7.5577889E+00,+4.2651E-03
+2.6600E-03,+7.5577889E+00,+14.4427E-03
+2.6700E-03,+7.5577889E+00,+13.4054E-03
+2.6800E-03,+7.4786431E+00,+4.2651E-03
+2.6900E-03,+7.4773869E+00,+4.2651E-03
+2.7000E-03,+7.4773869E+00,+4.2651E-03
+2.7100E-03,+7.4773869E+00,+13.2763E-03
+2.7200E-03,+7.3983117E+00,+12.3053E-03
+2.7300E-03,+7.4773869E+00,+4.2651E-03
+2.7400E-03,+7.3969848E+00,+4.2651E-03
+2.7500E-03,+7.3969848E+00,+5.1069E-03
+2.7600E-03,+7.3969848E+00,+12.3053E-03
+2.7700E-03,+7.3412392E+00,+12.3053E-03
+2.7800E-03,+7.3515822E+00,+4.2651E-03
+2.7900E-03,+7.3165828E+00,+4.2651E-03
+2.8000E-03,+7.3165828E+00,+8.2852E-03
+2.8100E-03,+7.3165828E+00,+12.3053E-03
+2.8200E-03,+7.3165828E+00,+12.3053E-03
+2.8300E-03,+7.3165828E+00,+4.2651E-03
+2.8400E-03,+7.2361808E+00,+4.2651E-03
+2.8500E-03,+7.2361808E+00,+8.2852E-03
+2.8600E-03,+7.2867497E+00,+12.3053E-03
+2.8700E-03,+7.2361808E+00,+12.3053E-03
+2.8800E-03,+7.2361808E+00,+7.1192E-03
+2.8900E-03,+7.2361808E+00,+4.2651E-03
+2.9000E-03,+7.1557788E+00,+8.2852E-03
+2.9100E-03,+7.1557788E+00,+16.3254E-03
+2.9200E-03,+7.1557788E+00,+12.3053E-03
+2.9300E-03,+7.1557788E+00,+2.5156E-03
+2.9400E-03,+7.1557788E+00,+5.4984E-03
+2.9500E-03,+7.0792973E+00,+8.0892E-03
+2.9600E-03,+7.1389530E+00,+16.3254E-03
+2.9700E-03,+7.1129489E+00,+12.3053E-03
+2.9800E-03,+7.0753768E+00,+5.3693E-03
+2.9900E-03,+7.0753768E+00,+4.2651E-03
+3.0000E-03,+7.0559678E+00,+8.2852E-03
+3.0100E-03,+7.0753768E+00,+16.3254E-03
+3.0200E-03,+6.9949748E+00,+12.3053E-03
+3.0300E-03,+7.0741310E+00,+307.3E-06
+3.0400E-03,+6.9949748E+00,+4.2651E-03
+3.0500E-03,+6.9949748E+00,+6.4020E-03
+3.0600E-03,+6.9949748E+00,+13.1511E-03
+3.0700E-03,+6.9949748E+00,+12.4967E-03
+3.0800E-03,+6.9703995E+00,+4.2651E-03
+3.0900E-03,+6.9598944E+00,+6.5312E-03
+3.1000E-03,+6.9145728E+00,+8.2852E-03
+3.1100E-03,+6.9145728E+00,+16.3254E-03
+3.1200E-03,+6.9145728E+00,+12.3053E-03
+3.1300E-03,+6.9145728E+00,+5.0355E-03
+3.1400E-03,+6.8341708E+00,+7.6976E-03
+3.1500E-03,+6.8341708E+00,+4.7148E-03
+3.1600E-03,+6.8341708E+00,+16.3254E-03
+3.1700E-03,+6.8341708E+00,+16.3254E-03
+3.1800E-03,+6.8341708E+00,+4.2651E-03
+3.1900E-03,+6.8341708E+00,+4.2651E-03
+3.2000E-03,+6.7860935E+00,+8.2852E-03
+3.2100E-03,+6.8341708E+00,+16.3254E-03
+3.2200E-03,+6.7537688E+00,+15.9961E-03
+3.2300E-03,+6.7537688E+00,+7.5771E-03
+3.2400E-03,+6.7537688E+00,+4.2651E-03
+3.2500E-03,+6.7537688E+00,+8.2852E-03
+3.2600E-03,+6.7537688E+00,+20.1454E-03
+3.2700E-03,+6.7537688E+00,+16.3254E-03
+3.2800E-03,+6.7108578E+00,+8.2852E-03
+3.2900E-03,+6.6733668E+00,+1.3532E-03
+3.3000E-03,+6.6733668E+00,+8.3561E-03
+3.3100E-03,+6.6733668E+00,+23.3992E-03
+3.3200E-03,+6.6733668E+00,+14.3217E-03
+3.3300E-03,+6.6733668E+00,+9.2643E-03
+3.3400E-03,+6.6733668E+00,+245.0E-06
+3.3500E-03,+6.6733668E+00,+8.2852E-03
+3.3600E-03,+6.5929648E+00,+18.4582E-03
+3.3700E-03,+6.5929648E+00,+19.4956E-03
+3.3800E-03,+6.5929648E+00,+8.2852E-03
+3.3900E-03,+6.5929648E+00,+3.0404E-03
+3.4000E-03,+6.5929648E+00,+10.5472E-03
+3.4100E-03,+6.5929648E+00,+20.3455E-03
+3.4200E-03,+6.5929648E+00,+16.3254E-03
+3.4300E-03,+6.5396401E+00,+8.2852E-03
+3.4400E-03,+6.5125627E+00,+245.0E-06
+3.4500E-03,+6.5125627E+00,+8.2852E-03
+3.4600E-03,+6.5125627E+00,+20.3455E-03
+3.4700E-03,+6.5125627E+00,+14.8424E-03
+3.4800E-03,+6.5125627E+00,+8.2852E-03
+3.4900E-03,+6.5125627E+00,+707.4E-06
+3.5000E-03,+6.5125627E+00,+8.8600E-03
+3.5100E-03,+6.4321607E+00,+20.3455E-03
+3.5200E-03,+6.4321607E+00,+16.3254E-03
+3.5300E-03,+6.4321607E+00,+4.5984E-03
+3.5400E-03,+6.4321607E+00,+245.0E-06
+3.5500E-03,+6.4321607E+00,+8.2852E-03
+3.5600E-03,+6.4321607E+00,+16.3254E-03
+3.5700E-03,+6.4321607E+00,+16.3254E-03
+3.5800E-03,+6.4321607E+00,+8.2852E-03
+3.5900E-03,+6.3517587E+00,+2.1155E-03
+3.6000E-03,+6.4099150E+00,+11.1930E-03
+3.6100E-03,+6.3517587E+00,+16.3254E-03
+3.6200E-03,+6.3517587E+00,+16.3254E-03
+3.6300E-03,+6.3517587E+00,+6.2647E-03
+3.6400E-03,+6.2713567E+00,+1.2281E-03
+3.6500E-03,+6.2724404E+00,+8.3394E-03
+3.6600E-03,+6.2931867E+00,+20.3455E-03
+3.6700E-03,+6.3517587E+00,+16.3254E-03
+3.6800E-03,+6.2713567E+00,+8.2852E-03
+3.6900E-03,+6.2713567E+00,+245.0E-06
+3.7000E-03,+6.2713567E+00,+9.5058E-03
+3.7100E-03,+6.2713567E+00,+20.3455E-03
+3.7200E-03,+6.2054510E+00,+16.3254E-03
+3.7300E-03,+6.2713567E+00,+8.2852E-03
+3.7400E-03,+6.1909547E+00,+1.5948E-03
+3.7500E-03,+6.1909547E+00,+10.6723E-03
+3.7600E-03,+6.1909547E+00,+20.3455E-03
+3.7700E-03,+6.1909547E+00,+12.7469E-03
+3.7800E-03,+6.1909547E+00,+8.2852E-03
+3.7900E-03,+6.1105527E+00,+245.0E-06
+3.8000E-03,+6.1909547E+00,+8.2852E-03
+3.8100E-03,+6.1219690E+00,+20.3455E-03
+3.8200E-03,+6.1105527E+00,+13.9134E-03
+3.8300E-03,+6.1380458E+00,+8.2852E-03
+3.8400E-03,+6.1105527E+00,+4.2651E-03
+3.8500E-03,+6.1105527E+00,+8.2852E-03
+3.8600E-03,+6.1105527E+00,+20.3455E-03
+3.8700E-03,+6.0856428E+00,+13.5508E-03
+3.8800E-03,+6.1105527E+00,+12.0971E-03
+3.8900E-03,+6.0467333E+00,+3.4359E-03
+3.9000E-03,+6.0301507E+00,+8.2852E-03
+3.9100E-03,+6.0301507E+00,+19.2291E-03
+3.9200E-03,+6.0301507E+00,+12.3843E-03
+3.9300E-03,+6.0301507E+00,+8.2852E-03
+3.9400E-03,+6.0301507E+00,+2.2406E-03
+3.9500E-03,+6.0301507E+00,+8.2852E-03
+3.9600E-03,+6.0301507E+00,+20.3455E-03
+3.9700E-03,+5.9497487E+00,+16.3254E-03
+3.9800E-03,+5.9876554E+00,+8.2852E-03
+3.9900E-03,+6.0129902E+00,+1.1030E-03
+4.0000E-03,+5.9497487E+00,+8.2852E-03
+4.0100E-03,+5.9497487E+00,+20.3455E-03
+4.0200E-03,+5.9497487E+00,+16.3254E-03
+4.0300E-03,+5.9497487E+00,+4.9939E-03
+4.0400E-03,+5.9435797E+00,+245.0E-06
+4.0500E-03,+5.8962619E+00,+8.2852E-03
+4.0600E-03,+5.8693467E+00,+20.3455E-03
+4.0700E-03,+5.8693467E+00,+16.3254E-03
+4.0800E-03,+5.8693467E+00,+8.2852E-03
+4.0900E-03,+5.8693467E+00,+2.7902E-03
+4.1000E-03,+5.8693467E+00,+6.7773E-03
+4.1100E-03,+5.8693467E+00,+20.3455E-03
+4.1200E-03,+5.8693467E+00,+12.8720E-03
+4.1300E-03,+5.8693467E+00,+8.2852E-03
+4.1400E-03,+5.8165188E+00,+4.2651E-03
+4.1500E-03,+5.7889447E+00,+8.2852E-03
+4.1600E-03,+5.7889447E+00,+20.3455E-03
+4.1700E-03,+5.7889447E+00,+16.3254E-03
+4.1800E-03,+5.7889447E+00,+8.2852E-03
+4.1900E-03,+5.7889447E+00,+245.0E-06
+4.2000E-03,+5.7889447E+00,+5.0902E-03
+4.2100E-03,+5.7516968E+00,+18.1878E-03
+4.2200E-03,+5.7085427E+00,+12.3053E-03
+4.2300E-03,+5.7085427E+00,+8.2852E-03
+4.2400E-03,+5.7085427E+00,+245.0E-06
+4.2500E-03,+5.7085427E+00,+10.2767E-03
+4.2600E-03,+5.7085427E+00,+23.3743E-03
+4.2700E-03,+5.7085427E+00,+16.3254E-03
+4.2800E-03,+5.7085427E+00,+11.2219E-03
+4.2900E-03,+5.6661284E+00,+2.1444E-03
+4.3000E-03,+5.6913011E+00,+8.2852E-03
+4.3100E-03,+5.6281406E+00,+16.3254E-03
+4.3200E-03,+5.6842916E+00,+13.5178E-03
+4.3300E-03,+5.6281406E+00,+8.2852E-03
+4.3400E-03,+5.6281406E+00,+977.9E-06
+4.3500E-03,+5.6281406E+00,+8.2852E-03
+4.3600E-03,+5.6281406E+00,+17.6671E-03
+4.3700E-03,+5.5805601E+00,+17.9665E-03
+4.3800E-03,+5.5598138E+00,+7.6814E-03
+4.3900E-03,+5.6194696E+00,+4.2651E-03
+4.4000E-03,+5.5477386E+00,+5.7359E-03
+4.4100E-03,+5.5477386E+00,+16.3254E-03
+4.4200E-03,+5.5477386E+00,+12.3053E-03
+4.4300E-03,+5.5477386E+00,+8.2852E-03
+4.4400E-03,+5.5477386E+00,+245.0E-06
+4.4500E-03,+5.5200835E+00,+6.9024E-03
+4.4600E-03,+5.4673366E+00,+20.3455E-03
+4.4700E-03,+5.5339012E+00,+16.3254E-03
+4.4800E-03,+5.4673366E+00,+8.2852E-03
+4.4900E-03,+5.4673366E+00,+1.4986E-03
+4.5000E-03,+5.4673366E+00,+8.2852E-03
+4.5100E-03,+5.4673366E+00,+20.3455E-03
+4.5200E-03,+5.4673366E+00,+16.3254E-03
+4.5300E-03,+5.4673366E+00,+7.1607E-03
+4.5400E-03,+5.4655940E+00,+4.1780E-03
+4.5500E-03,+5.4673366E+00,+8.2852E-03
+4.5600E-03,+5.3869346E+00,+20.3004E-03
+4.5700E-03,+5.4474309E+00,+16.3254E-03
+4.5800E-03,+5.3877752E+00,+8.2432E-03
+4.5900E-03,+5.3869346E+00,+1.3243E-03
+4.6000E-03,+5.3869346E+00,+8.2852E-03
+4.6100E-03,+5.3869346E+00,+19.4794E-03
+4.6200E-03,+5.3869346E+00,+12.4765E-03
+4.6300E-03,+5.3869346E+00,+5.4736E-03
+4.6400E-03,+5.3514489E+00,+2.4908E-03
+4.6500E-03,+5.3721952E+00,+5.0020E-03
+4.6600E-03,+5.3065326E+00,+20.3455E-03
+4.6700E-03,+5.3065326E+00,+14.9877E-03
+4.6800E-03,+5.3065326E+00,+9.9303E-03
+4.6900E-03,+5.3065326E+00,+4.2651E-03
+4.7000E-03,+5.3065326E+00,+11.8758E-03
+4.7100E-03,+5.3065326E+00,+17.7922E-03
+4.7200E-03,+5.3065326E+00,+16.3254E-03
+4.7300E-03,+5.2969595E+00,+8.2852E-03
+4.7400E-03,+5.2373038E+00,+4.2651E-03
+4.7500E-03,+5.2261306E+00,+8.2852E-03
+4.7600E-03,+5.2787964E+00,+20.3455E-03
+4.7700E-03,+5.2995427E+00,+12.3053E-03
+4.7800E-03,+5.2398869E+00,+5.6407E-03
+4.7900E-03,+5.2261306E+00,+1.9701E-03
+4.8000E-03,+5.2261306E+00,+5.5227E-03
+4.8100E-03,+5.1501354E+00,+20.5658E-03
+4.8200E-03,+5.2097911E+00,+16.3254E-03
+4.8300E-03,+5.1828144E+00,+8.2852E-03
+4.8400E-03,+5.2035607E+00,+4.2651E-03
+4.8500E-03,+5.1457286E+00,+8.2852E-03
+4.8600E-03,+5.2261306E+00,+23.4194E-03
+4.8700E-03,+5.1457286E+00,+16.3254E-03
+4.8800E-03,+5.1457286E+00,+8.2852E-03
+4.8900E-03,+5.1457286E+00,+245.0E-06
+4.9000E-03,+5.1457286E+00,+8.2852E-03
+4.9100E-03,+5.1838785E+00,+20.3455E-03
+4.9200E-03,+5.1457286E+00,+16.3254E-03
+4.9300E-03,+5.1457286E+00,+8.2852E-03
+4.9400E-03,+5.0894155E+00,+4.2651E-03
+4.9500E-03,+5.0653266E+00,+8.2852E-03
+4.9600E-03,+5.0505061E+00,+20.3455E-03
+4.9700E-03,+5.0653266E+00,+16.3254E-03
+4.9800E-03,+5.0653266E+00,+10.9717E-03
+4.9900E-03,+5.0653266E+00,+4.2651E-03
+5.0000E-03,+5.0653266E+00,+8.2852E-03
+5.0100E-03,+5.0653266E+00,+20.3455E-03
+5.0200E-03,+5.0141798E+00,+16.3254E-03
+5.0300E-03,+5.0153250E+00,+10.7853E-03
+5.0400E-03,+4.9945787E+00,+4.2651E-03
+5.0500E-03,+4.9849246E+00,+11.7507E-03
+5.0600E-03,+4.9849246E+00,+24.3656E-03
+5.0700E-03,+4.9849246E+00,+18.9546E-03
+5.0800E-03,+4.9849246E+00,+8.6387E-03
+5.0900E-03,+4.9849246E+00,+4.9488E-03
+5.1000E-03,+4.9849246E+00,+10.0063E-03
+5.1100E-03,+4.9849246E+00,+23.1039E-03
+5.1200E-03,+4.9090104E+00,+20.3455E-03
+5.1300E-03,+4.9849246E+00,+12.3053E-03
+5.1400E-03,+4.9415273E+00,+6.1153E-03
+5.1500E-03,+4.9271735E+00,+12.3053E-03
+5.1600E-03,+4.9064272E+00,+24.3656E-03
+5.1700E-03,+4.9233642E+00,+20.3455E-03
+5.1800E-03,+4.9045226E+00,+14.2847E-03
+5.1900E-03,+4.9648568E+00,+8.2852E-03
+5.2000E-03,+4.9045226E+00,+12.3392E-03
+5.2100E-03,+4.9045226E+00,+27.3144E-03
+5.2200E-03,+4.9045226E+00,+20.1485E-03
+5.2300E-03,+4.9045226E+00,+12.3053E-03
+5.2400E-03,+4.9012609E+00,+8.2852E-03
+5.2500E-03,+4.8805146E+00,+12.3053E-03
+5.2600E-03,+4.8597684E+00,+26.6033E-03
+5.2700E-03,+4.8896211E+00,+24.3656E-03
+5.2800E-03,+4.8986778E+00,+12.5975E-03
+5.2900E-03,+4.8241206E+00,+9.6147E-03
+5.3000E-03,+4.8241206E+00,+16.3254E-03
+5.3100E-03,+4.8241206E+00,+28.3857E-03
+5.3200E-03,+4.8325485E+00,+24.3656E-03
+5.3300E-03,+4.8241206E+00,+18.8868E-03
+5.3400E-03,+4.8241206E+00,+10.7812E-03
+5.3500E-03,+4.8241206E+00,+16.3254E-03
+5.3600E-03,+4.8241206E+00,+28.3857E-03
+5.3700E-03,+4.8241206E+00,+24.3656E-03
+5.3800E-03,+4.8241206E+00,+20.3455E-03
+5.3900E-03,+4.8241206E+00,+12.6629E-03
+5.4000E-03,+4.7573128E+00,+20.3455E-03
+5.4100E-03,+4.7780591E+00,+32.4058E-03
+5.4200E-03,+4.8241206E+00,+28.3857E-03
+5.4300E-03,+4.8195517E+00,+20.3455E-03
+5.4400E-03,+4.8079431E+00,+16.3254E-03
+5.4500E-03,+4.7437185E+00,+24.3656E-03
+5.4600E-03,+4.7437185E+00,+35.2893E-03
+5.4700E-03,+4.7437185E+00,+32.3065E-03
+5.4800E-03,+4.7437185E+00,+20.3455E-03
+5.4900E-03,+4.7437185E+00,+16.3254E-03
+5.5000E-03,+4.7437185E+00,+24.3656E-03
+5.5100E-03,+4.7437185E+00,+36.4259E-03
+5.5200E-03,+4.8027768E+00,+28.3857E-03
+5.5300E-03,+4.7437185E+00,+24.3656E-03
+5.5400E-03,+4.7437185E+00,+20.3455E-03
+5.5500E-03,+4.7437185E+00,+28.3857E-03
+5.5600E-03,+4.7197917E+00,+37.6222E-03
+5.5700E-03,+4.7437185E+00,+32.4058E-03
+5.5800E-03,+4.6782991E+00,+25.1147E-03
+5.5900E-03,+4.6633165E+00,+20.3455E-03
+5.6000E-03,+4.6633165E+00,+28.3857E-03
+5.6100E-03,+4.6964622E+00,+40.4460E-03
+5.6200E-03,+4.7437185E+00,+36.4259E-03
+5.6300E-03,+4.6633165E+00,+28.3857E-03
+5.6400E-03,+4.6633165E+00,+24.3656E-03
+5.6500E-03,+4.6633165E+00,+32.4058E-03
+5.6600E-03,+4.7339023E+00,+43.9753E-03
+5.6700E-03,+4.7437185E+00,+36.4259E-03
+5.6800E-03,+4.7120422E+00,+32.4058E-03
+5.6900E-03,+4.6633165E+00,+25.7646E-03
+5.7000E-03,+4.6633165E+00,+32.4058E-03
+5.7100E-03,+4.6633165E+00,+44.4661E-03
+5.7200E-03,+4.7094591E+00,+38.7330E-03
+5.7300E-03,+4.6633165E+00,+32.4058E-03
+5.7400E-03,+4.6633165E+00,+28.6182E-03
+5.7500E-03,+4.6633165E+00,+32.4058E-03
+5.7600E-03,+4.6633165E+00,+46.6441E-03
+5.7700E-03,+4.6633165E+00,+37.5665E-03
+5.7800E-03,+4.6633165E+00,+32.5091E-03
+5.7900E-03,+4.6446370E+00,+31.4718E-03
+5.8000E-03,+4.6633165E+00,+38.3972E-03
+5.8100E-03,+4.6633165E+00,+48.4862E-03
+5.8200E-03,+4.6633165E+00,+44.4661E-03
+5.8300E-03,+4.6633165E+00,+35.3627E-03
+5.8400E-03,+4.6633165E+00,+32.4058E-03
+5.8500E-03,+4.6633165E+00,+36.4259E-03
+5.8600E-03,+4.6633165E+00,+48.7961E-03
+5.8700E-03,+4.6633165E+00,+44.4661E-03
+5.8800E-03,+4.6633165E+00,+40.4460E-03
+5.8900E-03,+4.5829145E+00,+36.4259E-03
+5.9000E-03,+4.5885972E+00,+36.7100E-03
+5.9100E-03,+4.6093435E+00,+52.5063E-03
+5.9200E-03,+4.6161413E+00,+46.8248E-03
+5.9300E-03,+4.6633165E+00,+40.4460E-03
+5.9400E-03,+4.5911804E+00,+36.4259E-03
+5.9500E-03,+4.6119267E+00,+43.0155E-03
+5.9600E-03,+4.6135581E+00,+59.0143E-03
+5.9700E-03,+4.6633165E+00,+48.4862E-03
+5.9800E-03,+4.5937635E+00,+47.4013E-03
+5.9900E-03,+4.6317212E+00,+38.8662E-03
+6.0000E-03,+4.6352561E+00,+44.4661E-03
+6.0100E-03,+4.5829145E+00,+60.1808E-03
+6.0200E-03,+4.5829145E+00,+48.4862E-03
+6.0300E-03,+4.6291381E+00,+45.0683E-03
+6.0400E-03,+4.6083918E+00,+39.1721E-03
+6.0500E-03,+4.5829145E+00,+48.4862E-03
+6.0600E-03,+4.6633165E+00,+60.5465E-03
+6.0700E-03,+4.6265549E+00,+54.6883E-03
+6.0800E-03,+4.5829145E+00,+45.6108E-03
+6.0900E-03,+4.5829145E+00,+44.4661E-03
+6.1000E-03,+4.6447181E+00,+52.5063E-03
+6.1100E-03,+4.6633165E+00,+60.5465E-03
+6.1200E-03,+4.6633165E+00,+56.5264E-03
+6.1300E-03,+4.5833498E+00,+48.5080E-03
+6.1400E-03,+4.6040961E+00,+44.4661E-03
+6.1500E-03,+4.6633165E+00,+52.5063E-03
+6.1600E-03,+4.6006423E+00,+64.5666E-03
+6.1700E-03,+4.6633165E+00,+60.3956E-03
+6.1800E-03,+4.6633165E+00,+55.3381E-03
+6.1900E-03,+4.6633165E+00,+48.4862E-03
+6.2000E-03,+4.6481719E+00,+55.0119E-03
+6.2100E-03,+4.5885162E+00,+64.5666E-03
+6.2200E-03,+4.6633165E+00,+59.2291E-03
+6.2300E-03,+4.6633165E+00,+54.8610E-03
+6.2400E-03,+4.5954760E+00,+48.4862E-03
+6.2500E-03,+4.6633165E+00,+56.5264E-03
+6.2600E-03,+4.6633165E+00,+68.5867E-03
+6.2700E-03,+4.6136392E+00,+60.5465E-03
+6.2800E-03,+4.6633165E+00,+56.5264E-03
+6.2900E-03,+4.6633165E+00,+49.0246E-03
+6.3000E-03,+4.6633165E+00,+58.9708E-03
+6.3100E-03,+4.6633165E+00,+68.5867E-03
+6.3200E-03,+4.6633165E+00,+64.1968E-03
+6.3300E-03,+4.6633165E+00,+57.1939E-03
+6.3400E-03,+4.6633165E+00,+52.5063E-03
+6.3500E-03,+4.6633165E+00,+60.5465E-03
+6.3600E-03,+4.7389065E+00,+68.8273E-03
+6.3700E-03,+4.6633165E+00,+65.3633E-03
+6.3800E-03,+4.6633165E+00,+60.5465E-03
+6.3900E-03,+4.7207434E+00,+53.6550E-03
+6.4000E-03,+4.6633165E+00,+64.4551E-03
+6.4100E-03,+4.6818339E+00,+76.6269E-03
+6.4200E-03,+4.7025802E+00,+68.5867E-03
+6.4300E-03,+4.7233265E+00,+60.5465E-03
+6.4400E-03,+4.6633165E+00,+52.5240E-03
+6.4500E-03,+4.6633165E+00,+63.5116E-03
+6.4600E-03,+4.7437185E+00,+74.5345E-03
+6.4700E-03,+4.7259097E+00,+72.6068E-03
+6.4800E-03,+4.7437185E+00,+64.4197E-03
+6.4900E-03,+4.7437185E+00,+56.5264E-03
+6.5000E-03,+4.7437185E+00,+66.7881E-03
+6.5100E-03,+4.7437185E+00,+76.6269E-03
+6.5200E-03,+4.6688371E+00,+68.8627E-03
+6.5300E-03,+4.7437185E+00,+64.5666E-03
+6.5400E-03,+4.7437185E+00,+60.5465E-03
+6.5500E-03,+4.7437185E+00,+68.5867E-03
+6.5600E-03,+4.7437185E+00,+80.6470E-03
+6.5700E-03,+4.7437185E+00,+72.6068E-03
+6.5800E-03,+4.7437185E+00,+64.5666E-03
+6.5900E-03,+4.7437185E+00,+60.5465E-03
+6.6000E-03,+4.7437185E+00,+68.5867E-03
+6.6100E-03,+4.7437185E+00,+79.0753E-03
+6.6200E-03,+4.7437185E+00,+72.6068E-03
+6.6300E-03,+4.7511948E+00,+68.5867E-03
+6.6400E-03,+4.7437185E+00,+60.5465E-03
+6.6500E-03,+4.7437185E+00,+72.6068E-03
+6.6600E-03,+4.7437185E+00,+80.6470E-03
+6.6700E-03,+4.8192275E+00,+76.6269E-03
+6.6800E-03,+4.7595717E+00,+68.5867E-03
+6.6900E-03,+4.7803180E+00,+62.3765E-03
+6.7000E-03,+4.7667748E+00,+71.4540E-03
+6.7100E-03,+4.8241206E+00,+80.6470E-03
+6.7200E-03,+4.8241206E+00,+76.6269E-03
+6.7300E-03,+4.7849379E+00,+66.5257E-03
+6.7400E-03,+4.8036475E+00,+64.5666E-03
+6.7500E-03,+4.8241206E+00,+72.6204E-03
+6.7600E-03,+4.8241206E+00,+81.6980E-03
+6.7700E-03,+4.8241206E+00,+78.5587E-03
+6.7800E-03,+4.8241206E+00,+68.5867E-03
+6.7900E-03,+4.8241206E+00,+68.4439E-03
+6.8000E-03,+4.8241206E+00,+70.9470E-03
+6.8100E-03,+4.8241206E+00,+82.8644E-03
+6.8200E-03,+4.8241206E+00,+79.8816E-03
+6.8300E-03,+4.8241206E+00,+72.6068E-03
+6.8400E-03,+4.8241206E+00,+65.8759E-03
+6.8500E-03,+4.8575904E+00,+76.6269E-03
+6.8600E-03,+4.8241206E+00,+84.6671E-03
+6.8700E-03,+4.8241206E+00,+80.2459E-03
+6.8800E-03,+4.8241206E+00,+75.1884E-03
+6.8900E-03,+4.8241206E+00,+67.0423E-03
+6.9000E-03,+4.8241206E+00,+76.6269E-03
+6.9100E-03,+4.8347264E+00,+85.1974E-03
+6.9200E-03,+4.8731704E+00,+79.0794E-03
+6.9300E-03,+4.8762190E+00,+72.6068E-03
+6.9400E-03,+4.8241206E+00,+68.9646E-03
+6.9500E-03,+4.9045226E+00,+76.6269E-03
+6.9600E-03,+4.9045226E+00,+88.6872E-03
+6.9700E-03,+4.8498410E+00,+80.6470E-03
+6.9800E-03,+4.9045226E+00,+72.8555E-03
+6.9900E-03,+4.9045226E+00,+68.5867E-03
+7.0000E-03,+4.9045226E+00,+76.6269E-03
+7.0100E-03,+4.9045226E+00,+84.6671E-03
+7.0200E-03,+4.9045226E+00,+76.6269E-03
+7.0300E-03,+4.9228779E+00,+76.6269E-03
+7.0400E-03,+4.9045226E+00,+70.5418E-03
+7.0500E-03,+4.8839684E+00,+76.6269E-03
+7.0600E-03,+4.9045226E+00,+88.6872E-03
+7.0700E-03,+4.9254610E+00,+76.6269E-03
+7.0800E-03,+4.9432398E+00,+76.6269E-03
+7.0900E-03,+4.9849246E+00,+69.4852E-03
+7.1000E-03,+4.9849246E+00,+76.6269E-03
+7.1100E-03,+4.9849246E+00,+88.6872E-03
+7.1200E-03,+4.9849246E+00,+80.6470E-03
+7.1300E-03,+4.9199104E+00,+76.6269E-03
+7.1400E-03,+4.9098810E+00,+64.8345E-03
+7.1500E-03,+4.9849246E+00,+80.6470E-03
+7.1600E-03,+4.9849246E+00,+88.6872E-03
+7.1700E-03,+4.9849246E+00,+80.6470E-03
+7.1800E-03,+4.9849246E+00,+76.2298E-03
+7.1900E-03,+4.9849246E+00,+71.1724E-03
+7.2000E-03,+4.9849246E+00,+79.0986E-03
+7.2100E-03,+5.0551051E+00,+88.6872E-03
+7.2200E-03,+4.9849246E+00,+80.6470E-03
+7.2300E-03,+4.9849246E+00,+75.0633E-03
+7.2400E-03,+4.9849246E+00,+71.1876E-03
+7.2500E-03,+4.9849246E+00,+80.2651E-03
+7.2600E-03,+5.0653266E+00,+88.6872E-03
+7.2700E-03,+5.0187788E+00,+80.6470E-03
+7.2800E-03,+5.0395251E+00,+73.8969E-03
+7.2900E-03,+5.0653266E+00,+68.5867E-03
+7.3000E-03,+5.0496355E+00,+77.4114E-03
+7.3100E-03,+5.0653266E+00,+86.4890E-03
+7.3200E-03,+5.0653266E+00,+80.6470E-03
+7.3300E-03,+5.0653266E+00,+72.7304E-03
+7.3400E-03,+5.0653266E+00,+67.6730E-03
+7.3500E-03,+5.0653266E+00,+76.6269E-03
+7.3600E-03,+5.0653266E+00,+88.6872E-03
+7.3700E-03,+5.0653266E+00,+80.6470E-03
+7.3800E-03,+5.0653266E+00,+72.6068E-03
+7.3900E-03,+5.0653266E+00,+66.5065E-03
+7.4000E-03,+5.0653266E+00,+77.5295E-03
+7.4100E-03,+5.1430343E+00,+88.5525E-03
+7.4200E-03,+5.1222880E+00,+77.7989E-03
+7.4300E-03,+5.1095134E+00,+76.6269E-03
+7.4400E-03,+5.1302597E+00,+67.8132E-03
+7.4500E-03,+5.1404512E+00,+76.6269E-03
+7.4600E-03,+5.0913503E+00,+87.3860E-03
+7.4700E-03,+5.0989586E+00,+80.6470E-03
+7.4800E-03,+5.1457286E+00,+72.6068E-03
+7.4900E-03,+5.1457286E+00,+68.5867E-03
+7.5000E-03,+5.0939335E+00,+76.6269E-03
+7.5100E-03,+5.1457286E+00,+84.6671E-03
+7.5200E-03,+5.1457286E+00,+76.6269E-03
+7.5300E-03,+5.1457286E+00,+72.6068E-03
+7.5400E-03,+5.1457286E+00,+67.0272E-03
+7.5500E-03,+5.1457286E+00,+76.6269E-03
+7.5600E-03,+5.1457286E+00,+88.3012E-03
+7.5700E-03,+5.2131037E+00,+79.9956E-03
+7.5800E-03,+5.1457286E+00,+72.6068E-03
+7.5900E-03,+5.1457286E+00,+64.5666E-03
+7.6000E-03,+5.1457286E+00,+76.6269E-03
+7.6100E-03,+5.1613386E+00,+84.6671E-03
+7.6200E-03,+5.1457286E+00,+76.6269E-03
+7.6300E-03,+5.1690280E+00,+72.6068E-03
+7.6400E-03,+5.1482817E+00,+60.6741E-03
+7.6500E-03,+5.1639218E+00,+76.6269E-03
+7.6600E-03,+5.1846681E+00,+82.5940E-03
+7.6700E-03,+5.1664448E+00,+76.6269E-03
+7.6800E-03,+5.2261306E+00,+68.5882E-03
+7.6900E-03,+5.2261306E+00,+64.5666E-03
+7.7000E-03,+5.1846079E+00,+74.6829E-03
+7.7100E-03,+5.2261306E+00,+83.7604E-03
+7.7200E-03,+5.2261306E+00,+72.7374E-03
+7.7300E-03,+5.2027711E+00,+69.7547E-03
+7.7400E-03,+5.2261306E+00,+62.3613E-03
+7.7500E-03,+5.2261306E+00,+72.6068E-03
+7.7600E-03,+5.2261306E+00,+84.4073E-03
+7.7700E-03,+5.2261306E+00,+73.9039E-03
+7.7800E-03,+5.2261306E+00,+66.2522E-03
+7.7900E-03,+5.1586953E+00,+60.5465E-03
+7.8000E-03,+5.2261306E+00,+68.9757E-03
+7.8100E-03,+5.2261306E+00,+80.6470E-03
+7.8200E-03,+5.2261306E+00,+76.6269E-03
+7.8300E-03,+5.2261306E+00,+65.0858E-03
+7.8400E-03,+5.2261306E+00,+60.5465E-03
+7.8500E-03,+5.2261306E+00,+70.1421E-03
+7.8600E-03,+5.2261306E+00,+78.0542E-03
+7.8700E-03,+5.2261306E+00,+72.6068E-03
+7.8800E-03,+5.2935868E+00,+67.9394E-03
+7.8900E-03,+5.2261306E+00,+60.5465E-03
+7.9000E-03,+5.2261306E+00,+68.5867E-03
+7.9100E-03,+5.2261306E+00,+76.8878E-03
+7.9200E-03,+5.2416596E+00,+69.3631E-03
+7.9300E-03,+5.2702573E+00,+66.3804E-03
+7.9400E-03,+5.2261306E+00,+59.3775E-03
+7.9500E-03,+5.3038985E+00,+68.5867E-03
+7.9600E-03,+5.2442428E+00,+77.5325E-03
+7.9700E-03,+5.2649890E+00,+68.5867E-03
+7.9800E-03,+5.2857353E+00,+64.5666E-03
+7.9900E-03,+5.2261306E+00,+56.5264E-03
+8.0000E-03,+5.2858373E+00,+64.5666E-03
+8.0100E-03,+5.3065326E+00,+76.6269E-03
+8.0200E-03,+5.3065326E+00,+68.5867E-03
+8.0300E-03,+5.2286628E+00,+60.5465E-03
+8.0400E-03,+5.3065326E+00,+56.5264E-03
+8.0500E-03,+5.3065326E+00,+64.5666E-03
+8.0600E-03,+5.3065326E+00,+76.6269E-03
+8.0700E-03,+5.2312459E+00,+68.5867E-03
+8.0800E-03,+5.3065326E+00,+63.2735E-03
+8.0900E-03,+5.2599247E+00,+56.5264E-03
+8.1000E-03,+5.3065326E+00,+64.5666E-03
+8.1100E-03,+5.2338291E+00,+76.6269E-03
+8.1200E-03,+5.3065326E+00,+65.7422E-03
+8.1300E-03,+5.3065326E+00,+61.4455E-03
+8.1400E-03,+5.3065326E+00,+56.0032E-03
+8.1500E-03,+5.3065326E+00,+64.5666E-03
+8.1600E-03,+5.3065326E+00,+72.6068E-03
+8.1700E-03,+5.3065326E+00,+64.5666E-03
+8.1800E-03,+5.3065326E+00,+60.5465E-03
+8.1900E-03,+5.3065326E+00,+52.5063E-03
+8.2000E-03,+5.3065326E+00,+62.8860E-03
+8.2100E-03,+5.3065326E+00,+68.5867E-03
+8.2200E-03,+5.3065326E+00,+64.3017E-03
+8.2300E-03,+5.3065326E+00,+57.2988E-03
+8.2400E-03,+5.3065326E+00,+50.6966E-03
+8.2500E-03,+5.3065326E+00,+61.7196E-03
+8.2600E-03,+5.3065326E+00,+68.5867E-03
+8.2700E-03,+5.3065326E+00,+60.5465E-03
+8.2800E-03,+5.3065326E+00,+58.4653E-03
+8.2900E-03,+5.3065326E+00,+52.5063E-03
+8.3000E-03,+5.3064006E+00,+60.5465E-03
+8.3100E-03,+5.3065326E+00,+68.5867E-03
+8.3200E-03,+5.3065326E+00,+62.6145E-03
+8.3300E-03,+5.3065326E+00,+52.5063E-03
+8.3400E-03,+5.3065326E+00,+48.4862E-03
+8.3500E-03,+5.3065326E+00,+60.5465E-03
+8.3600E-03,+5.3065326E+00,+68.5867E-03
+8.3700E-03,+5.3065326E+00,+60.5465E-03
+8.3800E-03,+5.3065326E+00,+52.5063E-03
+8.3900E-03,+5.3065326E+00,+45.7551E-03
+8.4000E-03,+5.3065326E+00,+58.8527E-03
+8.4100E-03,+5.3065326E+00,+65.2230E-03
+8.4200E-03,+5.3065326E+00,+56.9073E-03
+8.4300E-03,+5.3065326E+00,+53.9245E-03
+8.4400E-03,+5.3065326E+00,+46.9216E-03
+8.4500E-03,+5.3065326E+00,+56.5264E-03
+8.4600E-03,+5.3065326E+00,+64.5666E-03
+8.4700E-03,+5.3065326E+00,+58.0737E-03
+8.4800E-03,+5.3065326E+00,+51.3571E-03
+8.4900E-03,+5.3065326E+00,+44.4661E-03
+8.5000E-03,+5.3065326E+00,+53.7847E-03
+8.5100E-03,+5.3065326E+00,+64.5666E-03
+8.5200E-03,+5.3065326E+00,+56.5264E-03
+8.5300E-03,+5.3065326E+00,+48.4862E-03
+8.5400E-03,+5.2414975E+00,+44.4661E-03
+8.5500E-03,+5.3065326E+00,+54.7207E-03
+8.5600E-03,+5.3065326E+00,+61.7236E-03
+8.5700E-03,+5.3065326E+00,+56.5264E-03
+8.5800E-03,+5.2440807E+00,+49.3837E-03
+8.5900E-03,+5.3065326E+00,+44.4661E-03
+8.6000E-03,+5.3065326E+00,+52.5063E-03
+8.6100E-03,+5.3065326E+00,+64.5559E-03
+8.6200E-03,+5.2859994E+00,+52.5063E-03
+8.6300E-03,+5.2652531E+00,+46.5301E-03
+8.6400E-03,+5.2881564E+00,+40.4460E-03
+8.6500E-03,+5.3041625E+00,+52.5063E-03
+8.6600E-03,+5.3065326E+00,+60.5465E-03
+8.6700E-03,+5.2626700E+00,+54.6994E-03
+8.6800E-03,+5.3065326E+00,+44.4661E-03
+8.6900E-03,+5.3065326E+00,+40.4460E-03
+8.7000E-03,+5.2808331E+00,+48.4862E-03
+8.7100E-03,+5.3065326E+00,+58.8487E-03
+8.7200E-03,+5.2933227E+00,+49.1467E-03
+8.7300E-03,+5.2336670E+00,+48.1094E-03
+8.7400E-03,+5.2261306E+00,+40.4460E-03
+8.7500E-03,+5.2261306E+00,+46.0347E-03
+8.7600E-03,+5.2261306E+00,+60.5465E-03
+8.7700E-03,+5.3065326E+00,+48.9922E-03
+8.7800E-03,+5.2261306E+00,+44.4661E-03
+8.7900E-03,+5.2549205E+00,+36.4259E-03
+8.8000E-03,+5.2261306E+00,+52.1041E-03
+8.8100E-03,+5.2261306E+00,+56.5264E-03
+8.8200E-03,+5.2595796E+00,+48.4862E-03
+8.8300E-03,+5.2261306E+00,+44.4661E-03
+8.8400E-03,+5.3010722E+00,+36.4259E-03
+8.8500E-03,+5.2414164E+00,+45.2304E-03
+8.8600E-03,+5.2261306E+00,+56.5264E-03
+8.8700E-03,+5.2829090E+00,+48.4862E-03
+8.8800E-03,+5.2261306E+00,+40.5898E-03
+8.8900E-03,+5.2261306E+00,+36.4259E-03
+8.9000E-03,+5.2261306E+00,+48.4862E-03
+8.9100E-03,+5.2471710E+00,+53.5583E-03
+8.9200E-03,+5.2261306E+00,+52.4916E-03
+8.9300E-03,+5.2261306E+00,+41.4686E-03
+8.9400E-03,+5.2261306E+00,+36.4259E-03
+8.9500E-03,+5.2261306E+00,+48.4862E-03
+8.9600E-03,+5.2261306E+00,+52.5063E-03
+8.9700E-03,+5.2261306E+00,+48.4862E-03
+8.9800E-03,+5.2261306E+00,+40.4460E-03
+8.9900E-03,+5.2261306E+00,+35.6322E-03
+9.0000E-03,+5.2261306E+00,+44.7097E-03
+9.0100E-03,+5.2261306E+00,+55.2455E-03
+9.0200E-03,+5.1920933E+00,+44.4661E-03
+9.0300E-03,+5.2128396E+00,+37.0904E-03
+9.0400E-03,+5.2261306E+00,+32.4058E-03
+9.0500E-03,+5.2261306E+00,+45.8762E-03
+9.0600E-03,+5.2261306E+00,+52.5063E-03
+9.0700E-03,+5.2261306E+00,+44.4661E-03
+9.0800E-03,+5.1557671E+00,+40.4460E-03
+9.0900E-03,+5.2072981E+00,+32.4058E-03
+9.1000E-03,+5.1745995E+00,+45.9096E-03
+9.1100E-03,+5.1538532E+00,+52.5063E-03
+9.1200E-03,+5.2135090E+00,+44.4661E-03
+9.1300E-03,+5.2261306E+00,+38.7776E-03
+9.1400E-03,+5.1720164E+00,+32.4058E-03
+9.1500E-03,+5.1512701E+00,+44.4661E-03
+9.1600E-03,+5.1609334E+00,+49.2464E-03
+9.1700E-03,+5.1816797E+00,+44.4661E-03
+9.1800E-03,+5.2024260E+00,+39.2608E-03
+9.1900E-03,+5.1457286E+00,+32.4058E-03
+9.2000E-03,+5.1457286E+00,+44.4661E-03
+9.2100E-03,+5.1875964E+00,+52.5063E-03
+9.2200E-03,+5.1457286E+00,+44.4661E-03
+9.2300E-03,+5.1457286E+00,+40.4460E-03
+9.2400E-03,+5.1853884E+00,+32.4058E-03
+9.2500E-03,+5.1457286E+00,+44.4661E-03
+9.2600E-03,+5.1457286E+00,+51.5794E-03
+9.2700E-03,+5.1457286E+00,+44.3557E-03
+9.2800E-03,+5.1457286E+00,+37.5736E-03
+9.2900E-03,+5.1894291E+00,+30.2208E-03
+9.3000E-03,+5.1457286E+00,+44.4661E-03
+9.3100E-03,+5.1457286E+00,+52.2667E-03
+9.3200E-03,+5.1457286E+00,+41.7229E-03
+9.3300E-03,+5.1457286E+00,+36.4259E-03
+9.3400E-03,+5.1457286E+00,+32.4058E-03
+9.3500E-03,+5.1457286E+00,+44.4661E-03
+9.3600E-03,+5.1457286E+00,+48.4862E-03
+9.3700E-03,+5.1457286E+00,+42.0227E-03
+9.3800E-03,+5.1457286E+00,+36.9653E-03
+9.3900E-03,+5.1457286E+00,+32.4058E-03
+9.4000E-03,+5.1150249E+00,+44.4661E-03
+9.4100E-03,+5.1457286E+00,+48.4862E-03
+9.4200E-03,+5.1375229E+00,+44.4661E-03
+9.4300E-03,+5.0778672E+00,+36.4259E-03
+9.4400E-03,+5.0653266E+00,+34.0701E-03
+9.4500E-03,+5.1457286E+00,+41.7644E-03
+9.4600E-03,+5.1457286E+00,+52.2252E-03
+9.4700E-03,+5.0653266E+00,+43.7099E-03
+9.4800E-03,+5.0653266E+00,+36.4259E-03
+9.4900E-03,+5.0653266E+00,+29.5750E-03
+9.5000E-03,+5.0653266E+00,+44.4661E-03
+9.5100E-03,+5.0653266E+00,+51.6209E-03
+9.5200E-03,+5.0653266E+00,+44.4661E-03
+9.5300E-03,+5.1457286E+00,+36.4259E-03
+9.5400E-03,+4.9054350E+00,+36.4031E-03
+9.5500E-03,+5.0653266E+00,+43.4516E-03
+9.5600E-03,+5.0653266E+00,+48.4862E-03
+9.5700E-03,+5.0653266E+00,+41.3770E-03
+9.5800E-03,+5.0653266E+00,+40.3396E-03
+9.5900E-03,+5.0077978E+00,+28.3857E-03
+9.6000E-03,+5.0285441E+00,+44.4661E-03
+9.6100E-03,+5.0653266E+00,+48.4862E-03
+9.6200E-03,+5.0653266E+00,+44.2306E-03
+9.6300E-03,+5.0653266E+00,+36.4259E-03
+9.6400E-03,+4.9969279E+00,+26.6757E-03
+9.6500E-03,+5.0653266E+00,+44.4661E-03
+9.6600E-03,+5.0653266E+00,+48.8508E-03
+9.6700E-03,+5.0653266E+00,+43.0641E-03
+9.6800E-03,+5.0653266E+00,+36.4259E-03
+9.6900E-03,+4.9631848E+00,+26.2117E-03
+9.7000E-03,+5.0653266E+00,+44.9599E-03
+9.7100E-03,+5.0653266E+00,+50.9752E-03
+9.7200E-03,+5.0653266E+00,+41.8976E-03
+9.7300E-03,+5.0653266E+00,+32.8201E-03
+9.7400E-03,+4.9973841E+00,+32.4058E-03
+9.7500E-03,+5.0181304E+00,+44.4661E-03
+9.7600E-03,+5.0653266E+00,+51.1838E-03
+9.7700E-03,+4.9849246E+00,+44.4661E-03
+9.7800E-03,+4.9849246E+00,+36.4259E-03
+9.7900E-03,+4.9849246E+00,+32.4058E-03
+9.8000E-03,+5.0653266E+00,+47.2928E-03
+9.8100E-03,+4.9880450E+00,+48.4862E-03
+9.8200E-03,+4.9849246E+00,+44.4661E-03
+9.8300E-03,+5.0653266E+00,+36.4259E-03
+9.8400E-03,+4.9849246E+00,+32.4058E-03
+9.8500E-03,+4.9849246E+00,+48.4593E-03
+9.8600E-03,+5.0451176E+00,+52.5063E-03
+9.8700E-03,+4.9849246E+00,+42.4183E-03
+9.8800E-03,+4.9849246E+00,+37.3609E-03
+9.8900E-03,+4.9849246E+00,+32.5081E-03
+9.9000E-03,+4.9849246E+00,+47.3466E-03
+9.9100E-03,+4.9849246E+00,+50.6631E-03
+9.9200E-03,+4.9849246E+00,+44.4661E-03
+9.9300E-03,+4.9849246E+00,+36.4259E-03
+9.9400E-03,+4.9849246E+00,+32.4058E-03
+9.9500E-03,+4.9849246E+00,+44.4661E-03
+9.9600E-03,+4.9849246E+00,+53.1830E-03
+9.9700E-03,+4.9849246E+00,+44.4661E-03
+9.9800E-03,+4.9849246E+00,+40.4460E-03
+9.9900E-03,+4.9849246E+00,+33.2562E-03
+10.0000E-03,+4.9849246E+00,+47.9386E-03
+10.0100E-03,+4.9849246E+00,+52.5063E-03
+10.0200E-03,+4.9849246E+00,+44.4661E-03
+10.0300E-03,+4.9849246E+00,+40.4460E-03
+10.0400E-03,+4.9849246E+00,+36.4259E-03
+10.0500E-03,+4.9849246E+00,+45.0850E-03
+10.0600E-03,+4.9517998E+00,+52.5063E-03
+10.0700E-03,+4.9310535E+00,+47.1596E-03
+10.0800E-03,+4.9849246E+00,+40.4460E-03
+10.0900E-03,+4.9045226E+00,+32.4058E-03
+10.1000E-03,+4.9849246E+00,+46.2515E-03
+10.1100E-03,+4.9609768E+00,+53.7037E-03
+10.1200E-03,+4.9849246E+00,+48.3261E-03
+10.1300E-03,+4.9045226E+00,+39.5687E-03
+10.1400E-03,+4.9849246E+00,+36.4259E-03
+10.1500E-03,+4.9045226E+00,+47.4180E-03
+10.1600E-03,+4.9849246E+00,+52.5372E-03
+10.1700E-03,+4.9849246E+00,+44.4661E-03
+10.1800E-03,+4.9045226E+00,+42.4224E-03
+10.1900E-03,+4.9849246E+00,+36.4259E-03
+10.2000E-03,+4.9045226E+00,+44.5643E-03
+10.2100E-03,+4.9272337E+00,+55.3908E-03
+10.2200E-03,+4.9045226E+00,+46.3133E-03
+10.2300E-03,+4.9207209E+00,+40.4460E-03
+10.2400E-03,+4.9803766E+00,+36.4259E-03
+10.2500E-03,+4.9045226E+00,+51.2416E-03
+10.2600E-03,+4.9045226E+00,+54.8083E-03
+10.2700E-03,+4.9181377E+00,+48.4862E-03
+10.2800E-03,+4.9116537E+00,+44.4661E-03
+10.2900E-03,+4.9045226E+00,+37.8198E-03
+10.3000E-03,+4.9045226E+00,+50.9174E-03
+10.3100E-03,+4.9738926E+00,+59.4433E-03
+10.3200E-03,+4.9752103E+00,+48.0005E-03
+10.3300E-03,+4.9045226E+00,+42.9431E-03
+10.3400E-03,+4.9045226E+00,+37.8856E-03
+10.3500E-03,+4.9129714E+00,+48.4862E-03
+10.3600E-03,+4.9045226E+00,+56.5264E-03
+10.3700E-03,+4.9045226E+00,+48.4862E-03
+10.3800E-03,+4.9045226E+00,+40.4460E-03
+10.3900E-03,+4.9045226E+00,+36.4259E-03
+10.4000E-03,+4.9045226E+00,+52.5063E-03
+10.4100E-03,+4.9492977E+00,+56.5264E-03
+10.4200E-03,+4.9045226E+00,+52.5063E-03
+10.4300E-03,+4.9045226E+00,+44.4661E-03
+10.4400E-03,+4.9045226E+00,+40.4460E-03
+10.4500E-03,+4.9045226E+00,+52.5063E-03
+10.4600E-03,+4.9045226E+00,+56.5264E-03
+10.4700E-03,+4.9045226E+00,+48.4862E-03
+10.4800E-03,+4.9849246E+00,+44.4661E-03
+10.4900E-03,+4.9045226E+00,+42.4264E-03
+10.5000E-03,+4.9045226E+00,+52.5063E-03
+10.5100E-03,+4.9045226E+00,+60.4523E-03
+10.5200E-03,+4.9045226E+00,+49.6177E-03
+10.5300E-03,+4.9045226E+00,+46.3174E-03
+10.5400E-03,+4.9686452E+00,+40.4460E-03
+10.5500E-03,+4.9045226E+00,+52.5063E-03
+10.5600E-03,+4.9045226E+00,+60.5465E-03
+10.5700E-03,+4.9389651E+00,+54.2284E-03
+10.5800E-03,+4.9045226E+00,+43.7813E-03
+10.5900E-03,+4.9045226E+00,+40.4460E-03
+10.6000E-03,+4.9045226E+00,+56.5264E-03
+10.6100E-03,+4.9045226E+00,+60.5465E-03
+10.6200E-03,+4.9045226E+00,+56.5264E-03
+10.6300E-03,+4.9045226E+00,+44.4661E-03
+10.6400E-03,+4.9045226E+00,+44.4661E-03
+10.6500E-03,+4.9045226E+00,+56.5264E-03
+10.6600E-03,+4.9045226E+00,+60.5465E-03
+10.6700E-03,+4.9727082E+00,+55.9156E-03
+10.6800E-03,+4.9045226E+00,+46.8381E-03
+10.6900E-03,+4.9045226E+00,+44.4661E-03
+10.7000E-03,+4.9045226E+00,+56.5264E-03
+10.7100E-03,+4.9701250E+00,+60.5465E-03
+10.7200E-03,+4.9045226E+00,+54.7491E-03
+10.7300E-03,+4.9045226E+00,+48.4862E-03
+10.7400E-03,+4.9045226E+00,+44.4661E-03
+10.7500E-03,+4.9045226E+00,+57.3955E-03
+10.7600E-03,+4.9045226E+00,+64.5666E-03
+10.7700E-03,+4.9045226E+00,+50.6389E-03
+10.7800E-03,+4.9045226E+00,+44.4661E-03
+10.7900E-03,+4.9045226E+00,+44.4661E-03
+10.8000E-03,+4.9045226E+00,+56.5264E-03
+10.8100E-03,+4.9045226E+00,+61.4937E-03
+10.8200E-03,+4.9045226E+00,+56.4362E-03
+10.8300E-03,+4.9045226E+00,+48.4862E-03
+10.8400E-03,+4.9045226E+00,+48.4862E-03
+10.8500E-03,+4.9045226E+00,+60.5465E-03
+10.8600E-03,+4.9805387E+00,+64.3473E-03
+10.8700E-03,+4.9045226E+00,+56.5264E-03
+10.8800E-03,+4.9045226E+00,+48.4862E-03
+10.8900E-03,+4.9045226E+00,+44.4661E-03
+10.9000E-03,+4.9779555E+00,+60.5465E-03
+10.9100E-03,+4.9045226E+00,+64.5666E-03
+10.9200E-03,+4.9045226E+00,+58.1234E-03
+10.9300E-03,+4.9045226E+00,+51.9466E-03
+10.9400E-03,+4.9045226E+00,+48.0086E-03
+10.9500E-03,+4.9045226E+00,+58.0413E-03
+10.9600E-03,+4.9045226E+00,+63.0987E-03
+10.9700E-03,+4.9131335E+00,+60.1159E-03
+10.9800E-03,+4.9045226E+00,+52.5063E-03
+10.9900E-03,+4.9045226E+00,+48.4862E-03
+11.0000E-03,+4.9045226E+00,+60.5465E-03
+11.0100E-03,+4.9788968E+00,+64.5666E-03
+11.0200E-03,+4.9702061E+00,+57.2623E-03
+11.0300E-03,+4.9045226E+00,+54.7531E-03
+11.0400E-03,+4.9045226E+00,+48.4862E-03
+11.0500E-03,+4.9045226E+00,+64.3944E-03
+11.0600E-03,+4.9218242E+00,+61.4116E-03
+11.0700E-03,+4.9425705E+00,+56.5264E-03
+11.0800E-03,+4.9045226E+00,+53.5867E-03
+11.0900E-03,+4.9045226E+00,+48.4862E-03
+11.1000E-03,+4.9244074E+00,+61.5407E-03
+11.1100E-03,+4.9442935E+00,+64.5666E-03
+11.1200E-03,+4.9045226E+00,+57.4776E-03
+11.1300E-03,+4.9045226E+00,+52.5063E-03
+11.1400E-03,+4.9269905E+00,+48.4862E-03
+11.1500E-03,+4.9477368E+00,+62.4059E-03
+11.1600E-03,+4.9045226E+00,+65.3887E-03
+11.1700E-03,+4.9045226E+00,+60.3312E-03
+11.1800E-03,+4.9295737E+00,+52.5063E-03
+11.1900E-03,+4.9045226E+00,+50.7761E-03
+11.2000E-03,+4.9710663E+00,+60.5465E-03
+11.2100E-03,+4.9849246E+00,+68.2423E-03
+11.2200E-03,+4.9849246E+00,+59.1648E-03
+11.2300E-03,+4.9529031E+00,+52.5063E-03
+11.2400E-03,+4.9157977E+00,+51.9425E-03
+11.2500E-03,+4.9754534E+00,+61.0200E-03
+11.2600E-03,+4.9849246E+00,+64.5666E-03
+11.2700E-03,+4.9849246E+00,+57.9983E-03
+11.2800E-03,+4.9132146E+00,+52.9409E-03
+11.2900E-03,+4.9728703E+00,+51.9036E-03
+11.3000E-03,+4.9373231E+00,+64.5666E-03
+11.3100E-03,+4.9849246E+00,+61.8892E-03
+11.3200E-03,+4.9106314E+00,+60.5465E-03
+11.3300E-03,+4.9849246E+00,+52.5063E-03
+11.3400E-03,+4.9849246E+00,+52.5063E-03
+11.3500E-03,+4.9849246E+00,+60.5465E-03
+11.3600E-03,+4.9849246E+00,+68.4104E-03
+11.3700E-03,+4.9849246E+00,+60.5465E-03
+11.3800E-03,+4.9849246E+00,+54.6280E-03
+11.3900E-03,+4.9262114E+00,+52.5063E-03
+11.4000E-03,+4.9849246E+00,+64.5666E-03
+11.4100E-03,+4.9849246E+00,+68.5867E-03
+11.4200E-03,+4.9443745E+00,+60.5465E-03
+11.4300E-03,+4.9849246E+00,+53.4616E-03
+11.4400E-03,+4.9849246E+00,+52.5063E-03
+11.4500E-03,+4.9849246E+00,+64.5666E-03
+11.4600E-03,+4.9849246E+00,+66.7232E-03
+11.4700E-03,+4.9684021E+00,+60.5465E-03
+11.4800E-03,+4.9849246E+00,+56.3152E-03
+11.4900E-03,+4.9849246E+00,+53.7548E-03
+11.5000E-03,+4.9849246E+00,+66.8524E-03
+11.5100E-03,+4.9849246E+00,+67.8897E-03
+11.5200E-03,+4.9849246E+00,+60.5465E-03
+11.5300E-03,+4.9849246E+00,+56.5264E-03
+11.5400E-03,+4.9849246E+00,+54.1114E-03
+11.5500E-03,+4.9849246E+00,+65.1344E-03
+11.5600E-03,+4.9849246E+00,+68.5867E-03
+11.5700E-03,+4.9849246E+00,+60.5465E-03
+11.5800E-03,+4.9849246E+00,+56.5264E-03
+11.5900E-03,+4.9849246E+00,+56.0877E-03
+11.6000E-03,+4.9849246E+00,+64.5666E-03
+11.6100E-03,+5.0326070E+00,+68.5867E-03
+11.6200E-03,+4.9849246E+00,+59.2200E-03
+11.6300E-03,+4.9849246E+00,+56.5264E-03
+11.6400E-03,+4.9849246E+00,+53.2341E-03
+11.6500E-03,+4.9849246E+00,+64.5666E-03
+11.6600E-03,+4.9849246E+00,+68.5867E-03
+11.6700E-03,+4.9849246E+00,+60.7268E-03
+11.6800E-03,+4.9849246E+00,+56.5264E-03
+11.6900E-03,+5.0274407E+00,+56.5264E-03
+11.7000E-03,+4.9849246E+00,+64.5666E-03
+11.7100E-03,+4.9849246E+00,+72.5556E-03
+11.7200E-03,+4.9849246E+00,+60.5465E-03
+11.7300E-03,+4.9849246E+00,+56.5264E-03
+11.7400E-03,+5.0461399E+00,+53.4656E-03
+11.7500E-03,+4.9849246E+00,+64.5666E-03
+11.7600E-03,+5.0430207E+00,+65.6819E-03
+11.7700E-03,+5.0222744E+00,+64.5666E-03
+11.7800E-03,+5.0487230E+00,+56.5264E-03
+11.7900E-03,+5.0653266E+00,+52.7134E-03
+11.8000E-03,+5.0653266E+00,+65.8110E-03
+11.8100E-03,+5.0305599E+00,+68.5867E-03
+11.8200E-03,+5.0513062E+00,+64.5666E-03
+11.8300E-03,+4.9849246E+00,+56.5264E-03
+11.8400E-03,+5.0378544E+00,+55.1528E-03
+11.8500E-03,+5.0331430E+00,+66.9775E-03
+11.8600E-03,+5.0538893E+00,+68.5867E-03
+11.8700E-03,+5.0653266E+00,+64.1011E-03
+11.8800E-03,+5.0653266E+00,+56.5264E-03
+11.8900E-03,+5.0653266E+00,+56.5264E-03
+11.9000E-03,+5.0653266E+00,+68.1440E-03
+11.9100E-03,+5.0653266E+00,+72.0122E-03
+11.9200E-03,+5.0653266E+00,+60.5465E-03
+11.9300E-03,+5.0653266E+00,+56.5264E-03
+11.9400E-03,+5.0653266E+00,+52.8198E-03
+11.9500E-03,+5.0653266E+00,+64.5666E-03
+11.9600E-03,+5.0653266E+00,+68.5867E-03
+11.9700E-03,+5.0653266E+00,+63.3449E-03
+11.9800E-03,+5.0653266E+00,+56.5264E-03
+11.9900E-03,+5.0653266E+00,+55.6735E-03
+12.0000E-03,+5.0653266E+00,+68.5867E-03
+12.0100E-03,+5.0653266E+00,+68.5867E-03
+12.0200E-03,+5.0653266E+00,+64.5114E-03
+12.0300E-03,+5.0653266E+00,+56.5264E-03
+12.0400E-03,+5.0653266E+00,+52.5063E-03
+12.0500E-03,+5.0653266E+00,+67.6233E-03
+12.0600E-03,+5.0653266E+00,+68.6606E-03
+12.0700E-03,+5.0653266E+00,+60.5465E-03
+12.0800E-03,+5.1082977E+00,+54.6548E-03
+12.0900E-03,+5.0653266E+00,+54.8579E-03
+12.1000E-03,+5.0653266E+00,+68.3836E-03
+12.1100E-03,+5.0901345E+00,+68.5867E-03
+12.1200E-03,+5.0653266E+00,+62.2889E-03
+12.1300E-03,+5.0653266E+00,+57.2315E-03
+12.1400E-03,+5.0653266E+00,+56.1941E-03
+12.1500E-03,+5.0927177E+00,+65.9361E-03
+12.1600E-03,+5.0653266E+00,+68.5867E-03
+12.1700E-03,+5.0653266E+00,+60.5465E-03
+12.1800E-03,+5.1365006E+00,+56.5264E-03
+12.1900E-03,+5.0653266E+00,+52.5063E-03
+12.2000E-03,+5.1457286E+00,+64.5666E-03
+12.2100E-03,+5.1367934E+00,+68.1399E-03
+12.2200E-03,+5.0653266E+00,+60.5465E-03
+12.2300E-03,+5.0653266E+00,+52.5063E-03
+12.2400E-03,+5.0653266E+00,+55.1715E-03
+12.2500E-03,+5.1393766E+00,+68.5867E-03
+12.2600E-03,+5.1457286E+00,+68.5867E-03
+12.2700E-03,+5.1105880E+00,+60.5465E-03
+12.2800E-03,+5.0653266E+00,+55.3006E-03
+12.2900E-03,+5.0653266E+00,+52.5063E-03
+12.3000E-03,+5.1287511E+00,+64.5666E-03
+12.3100E-03,+5.1080048E+00,+68.5867E-03
+12.3200E-03,+5.0872586E+00,+60.5465E-03
+12.3300E-03,+5.0653266E+00,+56.5264E-03
+12.3400E-03,+5.0653266E+00,+52.5063E-03
+12.3500E-03,+5.0653266E+00,+66.5819E-03
+12.3600E-03,+5.1457286E+00,+67.6192E-03
+12.3700E-03,+5.0653266E+00,+60.5465E-03
+12.3800E-03,+5.0653266E+00,+56.5264E-03
+12.3900E-03,+5.1082166E+00,+52.5063E-03
+12.4000E-03,+5.1289629E+00,+65.4049E-03
+12.4100E-03,+5.1417480E+00,+68.5867E-03
+12.4200E-03,+5.0653266E+00,+60.5465E-03
+12.4300E-03,+5.1457286E+00,+54.2527E-03
+12.4400E-03,+5.1315461E+00,+53.2154E-03
+12.4500E-03,+5.0653266E+00,+64.5666E-03
+12.4600E-03,+5.0653266E+00,+65.9321E-03
+12.4700E-03,+5.1457286E+00,+60.5465E-03
+12.4800E-03,+5.1457286E+00,+52.5063E-03
+12.4900E-03,+5.0744735E+00,+52.5063E-03
+12.5000E-03,+5.0952198E+00,+64.5666E-03
+12.5100E-03,+5.1457286E+00,+64.5666E-03
+12.5200E-03,+5.1457286E+00,+60.5465E-03
+12.5300E-03,+5.0770567E+00,+52.5063E-03
+12.5400E-03,+5.0653266E+00,+52.5063E-03
+12.5500E-03,+5.0925059E+00,+64.5666E-03
+12.5600E-03,+5.1457286E+00,+64.5666E-03
+12.5700E-03,+5.1314153E+00,+57.2420E-03
+12.5800E-03,+5.1457286E+00,+52.5063E-03
+12.5900E-03,+5.0653266E+00,+48.4862E-03
+12.6000E-03,+5.1457286E+00,+64.5666E-03
+12.6100E-03,+5.1288322E+00,+68.5867E-03
+12.6200E-03,+5.1457286E+00,+56.5264E-03
+12.6300E-03,+5.0653266E+00,+51.4056E-03
+12.6400E-03,+5.1457286E+00,+48.5495E-03
+12.6500E-03,+5.1457286E+00,+64.5666E-03
+12.6600E-03,+5.1457286E+00,+64.5666E-03
+12.6700E-03,+5.1457286E+00,+57.4979E-03
+12.6800E-03,+5.1457286E+00,+52.5063E-03
+12.6900E-03,+5.1457286E+00,+52.5063E-03
+12.7000E-03,+5.1457286E+00,+62.4261E-03
+12.7100E-03,+5.1457286E+00,+64.5666E-03
+12.7200E-03,+5.1457286E+00,+56.7214E-03
+12.7300E-03,+5.0899724E+00,+52.5063E-03
+12.7400E-03,+5.1457286E+00,+50.7558E-03
+12.7500E-03,+5.1457286E+00,+64.5666E-03
+12.7600E-03,+5.1457286E+00,+64.5666E-03
+12.7700E-03,+5.1457286E+00,+55.1649E-03
+12.7800E-03,+5.0977533E+00,+52.5063E-03
+12.7900E-03,+5.1457286E+00,+49.0702E-03
+12.8000E-03,+5.1457286E+00,+60.9998E-03
+12.8100E-03,+5.0653266E+00,+63.0760E-03
+12.8200E-03,+5.1457286E+00,+56.5264E-03
+12.8300E-03,+5.1457286E+00,+52.5063E-03
+12.8400E-03,+5.1457286E+00,+49.0686E-03
+12.8500E-03,+5.1457286E+00,+62.9468E-03
+12.8600E-03,+5.0653266E+00,+61.9095E-03
+12.8700E-03,+5.1457286E+00,+56.5264E-03
+12.8800E-03,+5.1457286E+00,+52.5063E-03
+12.8900E-03,+5.1457286E+00,+48.4862E-03
+12.9000E-03,+5.1457286E+00,+60.5465E-03
+12.9100E-03,+5.1457286E+00,+64.5666E-03
+12.9200E-03,+5.1457286E+00,+56.5264E-03
+12.9300E-03,+5.1457286E+00,+48.4862E-03
+12.9400E-03,+5.1457286E+00,+49.5909E-03
+12.9500E-03,+5.1457286E+00,+60.5465E-03
+12.9600E-03,+5.1457286E+00,+63.5967E-03
+12.9700E-03,+5.1457286E+00,+52.5063E-03
+12.9800E-03,+5.1457286E+00,+52.5063E-03
+12.9900E-03,+5.1444932E+00,+52.4445E-03
+13.0000E-03,+5.1237469E+00,+60.5465E-03
+13.0100E-03,+5.1457286E+00,+60.5465E-03
+13.0200E-03,+5.1457286E+00,+56.5264E-03
+13.0300E-03,+5.1457286E+00,+48.4862E-03
+13.0400E-03,+5.0653266E+00,+48.4862E-03
+13.0500E-03,+5.1004175E+00,+60.5465E-03
+13.0600E-03,+5.1457286E+00,+60.5465E-03
+13.0700E-03,+5.1457286E+00,+52.5063E-03
+13.0800E-03,+5.1457286E+00,+48.4862E-03
+13.0900E-03,+5.0978343E+00,+50.8809E-03
+13.1000E-03,+5.1457286E+00,+60.5465E-03
+13.1100E-03,+5.1457286E+00,+60.5465E-03
+13.1200E-03,+5.1457286E+00,+52.5063E-03
+13.1300E-03,+5.1457286E+00,+48.4862E-03
+13.1400E-03,+5.1365503E+00,+48.4862E-03
+13.1500E-03,+5.1457286E+00,+60.5465E-03
+13.1600E-03,+5.1457286E+00,+60.5465E-03
+13.1700E-03,+5.1457286E+00,+55.1593E-03
+13.1800E-03,+5.1457286E+00,+44.7958E-03
+13.1900E-03,+5.0794777E+00,+48.4862E-03
+13.2000E-03,+5.1002240E+00,+58.2713E-03
+13.2100E-03,+5.1457286E+00,+60.5465E-03
+13.2200E-03,+5.1457286E+00,+52.7069E-03
+13.2300E-03,+5.1457286E+00,+47.6495E-03
+13.2400E-03,+5.1457286E+00,+48.4862E-03
+13.2500E-03,+5.0875017E+00,+60.5465E-03
+13.2600E-03,+5.1457286E+00,+60.5465E-03
+13.2700E-03,+5.0846440E+00,+55.5605E-03
+13.2800E-03,+5.1457286E+00,+48.4725E-03
+13.2900E-03,+5.1261366E+00,+47.5066E-03
+13.3000E-03,+5.0664809E+00,+60.5465E-03
+13.3100E-03,+5.1457286E+00,+60.5465E-03
+13.3200E-03,+5.0653266E+00,+52.5063E-03
+13.3300E-03,+5.1457286E+00,+48.4862E-03
+13.3400E-03,+5.1457286E+00,+48.4862E-03
+13.3500E-03,+5.1212448E+00,+60.5465E-03
+13.3600E-03,+5.1457286E+00,+56.5264E-03
+13.3700E-03,+5.1457286E+00,+52.5063E-03
+13.3800E-03,+5.1457286E+00,+44.4661E-03
+13.3900E-03,+5.1457286E+00,+48.4862E-03
+13.4000E-03,+5.1457286E+00,+58.9170E-03
+13.4100E-03,+5.1457286E+00,+59.9544E-03
+13.4200E-03,+5.1457286E+00,+52.0611E-03
+13.4300E-03,+5.0653266E+00,+47.0037E-03
+13.4400E-03,+5.1457286E+00,+45.9664E-03
+13.4500E-03,+5.0745859E+00,+56.9894E-03
+13.4600E-03,+5.1457286E+00,+60.5465E-03
+13.4700E-03,+5.1457286E+00,+52.5063E-03
+13.4800E-03,+5.1457286E+00,+47.1151E-03
+13.4900E-03,+5.0720028E+00,+48.1524E-03
+13.5000E-03,+5.0793967E+00,+59.8430E-03
+13.5100E-03,+5.1457286E+00,+58.2672E-03
+13.5200E-03,+5.1208893E+00,+51.2643E-03
+13.5300E-03,+5.0694196E+00,+48.2815E-03
+13.5400E-03,+5.1457286E+00,+44.4661E-03
+13.5500E-03,+5.1027261E+00,+56.5264E-03
+13.5600E-03,+5.1457286E+00,+56.5264E-03
+13.5700E-03,+5.1442187E+00,+52.5063E-03
+13.5800E-03,+5.1264922E+00,+47.5244E-03
+13.5900E-03,+5.1057459E+00,+46.4870E-03
+13.6000E-03,+5.1260556E+00,+56.5264E-03
+13.6100E-03,+5.1457286E+00,+60.4928E-03
+13.6200E-03,+5.1239090E+00,+51.4153E-03
+13.6300E-03,+5.1078924E+00,+44.4661E-03
+13.6400E-03,+5.0824164E+00,+44.4661E-03
+13.6500E-03,+5.0653266E+00,+56.5264E-03
+13.6600E-03,+5.1457286E+00,+54.9466E-03
+13.6700E-03,+5.1457286E+00,+50.7436E-03
+13.6800E-03,+5.0798333E+00,+44.4661E-03
+13.6900E-03,+5.0653266E+00,+48.1742E-03
+13.7000E-03,+5.1457286E+00,+57.8757E-03
+13.7100E-03,+5.1457286E+00,+56.5264E-03
+13.7200E-03,+5.1338050E+00,+49.0824E-03
+13.7300E-03,+5.0741493E+00,+44.4661E-03
+13.7400E-03,+5.1161596E+00,+48.4862E-03
+13.7500E-03,+5.1156419E+00,+58.0307E-03
+13.7600E-03,+5.1363882E+00,+60.0795E-03
+13.7700E-03,+5.0767325E+00,+51.9360E-03
+13.7800E-03,+5.0653266E+00,+44.4661E-03
+13.7900E-03,+5.0653266E+00,+44.4661E-03
+13.8000E-03,+5.0720838E+00,+60.2086E-03
+13.8100E-03,+5.0653266E+00,+56.5264E-03
+13.8200E-03,+5.0653266E+00,+50.7695E-03
+13.8300E-03,+5.0653266E+00,+44.4661E-03
+13.8400E-03,+5.0653266E+00,+44.4661E-03
+13.8500E-03,+5.0653266E+00,+59.7179E-03
+13.8600E-03,+5.0653266E+00,+54.3722E-03
+13.8700E-03,+5.1233914E+00,+48.4862E-03
+13.8800E-03,+5.0669175E+00,+44.4661E-03
+13.8900E-03,+5.0653266E+00,+48.4862E-03
+13.9000E-03,+5.0653266E+00,+56.5264E-03
+13.9100E-03,+5.0653266E+00,+56.5264E-03
+13.9200E-03,+5.1457286E+00,+48.4862E-03
+13.9300E-03,+5.0653266E+00,+44.4661E-03
+13.9400E-03,+5.0274094E+00,+46.5903E-03
+13.9500E-03,+5.0653266E+00,+55.6678E-03
+13.9600E-03,+5.0653266E+00,+56.5264E-03
+13.9700E-03,+5.0653266E+00,+48.4862E-03
+13.9800E-03,+5.0653266E+00,+44.4661E-03
+13.9900E-03,+4.9995123E+00,+44.4661E-03
+14.0000E-03,+5.0653266E+00,+56.5264E-03
+14.0100E-03,+5.0653266E+00,+56.5264E-03
+14.0200E-03,+5.0653266E+00,+48.4862E-03
+14.0300E-03,+5.0653266E+00,+43.8659E-03
+14.0400E-03,+5.0653266E+00,+48.0491E-03
+14.0500E-03,+5.0653266E+00,+53.9807E-03
+14.0600E-03,+5.0653266E+00,+56.5264E-03
+14.0700E-03,+5.0653266E+00,+48.9573E-03
+14.0800E-03,+5.0653266E+00,+44.4661E-03
+14.0900E-03,+5.0169957E+00,+46.8826E-03
+14.1000E-03,+5.0653266E+00,+56.5264E-03
+14.1100E-03,+5.0653266E+00,+60.2046E-03
+14.1200E-03,+5.0653266E+00,+48.4862E-03
+14.1300E-03,+5.0999809E+00,+46.7535E-03
+14.1400E-03,+5.0653266E+00,+44.4661E-03
+14.1500E-03,+5.0653266E+00,+56.5264E-03
+14.1600E-03,+5.0653266E+00,+55.7018E-03
+14.1700E-03,+5.0653266E+00,+50.3481E-03
+14.1800E-03,+5.0653266E+00,+41.5669E-03
+14.1900E-03,+5.0653266E+00,+44.4661E-03
+14.2000E-03,+5.0653266E+00,+57.4801E-03
+14.2100E-03,+5.0653266E+00,+56.5264E-03
+14.2200E-03,+5.0653266E+00,+51.5145E-03
+14.2300E-03,+5.0653266E+00,+48.4406E-03
+14.2400E-03,+5.0653266E+00,+44.4661E-03
+14.2500E-03,+5.0653266E+00,+56.7467E-03
+14.2600E-03,+5.1284766E+00,+56.5264E-03
+14.2700E-03,+5.0653266E+00,+52.3316E-03
+14.2800E-03,+5.0653266E+00,+43.2541E-03
+14.2900E-03,+5.0653266E+00,+44.4661E-03
+14.3000E-03,+5.0653266E+00,+59.8130E-03
+14.3100E-03,+5.0653266E+00,+56.5264E-03
+14.3200E-03,+5.0653266E+00,+48.4862E-03
+14.3300E-03,+5.0653266E+00,+42.8245E-03
+14.3400E-03,+5.0653266E+00,+47.8819E-03
+14.3500E-03,+5.0653266E+00,+56.9594E-03
+14.3600E-03,+5.0653266E+00,+56.5264E-03
+14.3700E-03,+5.0653266E+00,+50.9938E-03
+14.3800E-03,+5.0653266E+00,+40.9211E-03
+14.3900E-03,+5.0653266E+00,+45.0283E-03
+14.4000E-03,+5.0653266E+00,+56.5264E-03
+14.4100E-03,+5.0653266E+00,+56.5264E-03
+14.4200E-03,+5.0653266E+00,+48.8322E-03
+14.4300E-03,+5.0653266E+00,+44.4661E-03
+14.4400E-03,+5.0653266E+00,+44.4661E-03
+14.4500E-03,+5.0653266E+00,+59.2924E-03
+14.4600E-03,+5.0653266E+00,+56.5264E-03
+14.4700E-03,+5.0653266E+00,+48.4862E-03
+14.4800E-03,+5.0281702E+00,+44.4661E-03
+14.4900E-03,+5.0653266E+00,+45.5911E-03
+14.5000E-03,+5.0653266E+00,+56.5264E-03
+14.5100E-03,+5.0653266E+00,+55.5767E-03
+14.5200E-03,+5.0653266E+00,+50.5193E-03
+14.5300E-03,+5.0048407E+00,+43.4703E-03
+14.5400E-03,+5.0653266E+00,+48.4447E-03
+14.5500E-03,+5.0437502E+00,+60.5465E-03
+14.5600E-03,+5.0230039E+00,+54.4103E-03
+14.5700E-03,+4.9849246E+00,+51.6396E-03
+14.5800E-03,+5.0653266E+00,+44.4661E-03
+14.5900E-03,+5.0653266E+00,+48.4862E-03
+14.6000E-03,+5.0653266E+00,+56.5264E-03
+14.6100E-03,+5.0653266E+00,+53.2438E-03
+14.6200E-03,+5.0653266E+00,+48.7860E-03
+14.6300E-03,+5.0385839E+00,+45.8032E-03
+14.6400E-03,+4.9849246E+00,+48.4862E-03
+14.6500E-03,+4.9970913E+00,+53.1146E-03
+14.6600E-03,+4.9935042E+00,+56.5264E-03
+14.6700E-03,+5.0360007E+00,+52.5063E-03
+14.6800E-03,+4.9849246E+00,+44.4661E-03
+14.6900E-03,+4.9945081E+00,+44.9453E-03
+14.7000E-03,+5.0541638E+00,+56.5264E-03
+14.7100E-03,+5.0653266E+00,+58.9510E-03
+14.7200E-03,+5.0653266E+00,+48.4862E-03
+14.7300E-03,+5.0583262E+00,+44.1161E-03
+14.7400E-03,+4.9849246E+00,+48.4862E-03
+14.7500E-03,+5.0308344E+00,+58.2510E-03
+14.7600E-03,+5.0100881E+00,+56.5264E-03
+14.7700E-03,+5.0609093E+00,+52.5063E-03
+14.7800E-03,+4.9849246E+00,+45.2825E-03
+14.7900E-03,+5.0282512E+00,+48.4862E-03
+14.8000E-03,+4.9849246E+00,+56.5264E-03
+14.8100E-03,+4.9867587E+00,+56.5264E-03
+14.8200E-03,+5.0653266E+00,+52.5063E-03
+14.8300E-03,+4.9849246E+00,+42.4832E-03
+14.8400E-03,+5.0653266E+00,+48.4862E-03
+14.8500E-03,+4.9849246E+00,+56.5638E-03
+14.8600E-03,+5.0653266E+00,+59.4717E-03
+14.8700E-03,+4.9849246E+00,+48.4862E-03
+14.8800E-03,+4.9849246E+00,+44.4661E-03
+14.8900E-03,+5.0653266E+00,+48.4862E-03
+14.9000E-03,+4.9849246E+00,+57.7303E-03
+14.9100E-03,+5.0205018E+00,+58.3052E-03
+14.9200E-03,+4.9997555E+00,+51.7647E-03
+14.9300E-03,+4.9908399E+00,+40.7418E-03
+14.9400E-03,+4.9849246E+00,+47.1531E-03
+14.9500E-03,+4.9849246E+00,+60.5465E-03
+14.9600E-03,+5.0530788E+00,+59.9341E-03
+14.9700E-03,+5.0568280E+00,+52.0814E-03
+14.9800E-03,+4.9849246E+00,+44.4661E-03
+14.9900E-03,+4.9849246E+00,+45.9866E-03
+15.0000E-03,+4.9849246E+00,+61.0297E-03
+15.0100E-03,+4.9849246E+00,+56.5264E-03
+15.0200E-03,+4.9849246E+00,+52.5063E-03
+15.0300E-03,+4.9849246E+00,+44.4661E-03
+15.0400E-03,+4.9849246E+00,+48.4862E-03
+15.0500E-03,+5.0516617E+00,+61.2297E-03
+15.0600E-03,+5.0193357E+00,+58.2469E-03
+15.0700E-03,+4.9849246E+00,+52.5063E-03
+15.0800E-03,+5.0608283E+00,+44.4661E-03
+15.0900E-03,+4.9849246E+00,+52.5063E-03
+15.1000E-03,+4.9849246E+00,+60.5465E-03
+15.1100E-03,+4.9849246E+00,+56.5264E-03
+15.1200E-03,+5.0634114E+00,+52.4105E-03
+15.1300E-03,+4.9849246E+00,+47.5446E-03
+15.1400E-03,+4.9849246E+00,+48.4862E-03
+15.1500E-03,+5.0050028E+00,+60.5465E-03
+15.1600E-03,+5.0653266E+00,+56.5598E-03
+15.1700E-03,+4.9849246E+00,+52.5063E-03
+15.1800E-03,+5.0270852E+00,+46.3782E-03
+15.1900E-03,+4.9849246E+00,+48.4862E-03
+15.2000E-03,+4.9849246E+00,+56.6889E-03
+15.2100E-03,+4.9849246E+00,+56.5264E-03
+15.2200E-03,+5.0296683E+00,+52.5063E-03
+15.2300E-03,+4.9849246E+00,+45.2117E-03
+15.2400E-03,+4.9849246E+00,+52.5063E-03
+15.2500E-03,+4.9849246E+00,+60.5465E-03
+15.2600E-03,+4.9849246E+00,+60.5465E-03
+15.2700E-03,+4.9849246E+00,+55.9099E-03
+15.2800E-03,+4.9933421E+00,+44.4661E-03
+15.2900E-03,+4.9849246E+00,+52.5063E-03
+15.3000E-03,+4.9849246E+00,+60.5465E-03
+15.3100E-03,+4.9849246E+00,+57.0137E-03
+15.3200E-03,+4.9849246E+00,+49.5862E-03
+15.3300E-03,+5.0166715E+00,+46.0534E-03
+15.3400E-03,+4.9849246E+00,+51.1108E-03
+15.3500E-03,+4.9849246E+00,+60.5465E-03
+15.3600E-03,+4.9849246E+00,+59.8673E-03
+15.3700E-03,+4.9849246E+00,+56.5264E-03
+15.3800E-03,+5.0102502E+00,+49.7525E-03
+15.3900E-03,+4.9849246E+00,+52.2773E-03
+15.4000E-03,+5.0491596E+00,+61.3548E-03
+15.4100E-03,+5.0218378E+00,+58.3720E-03
+15.4200E-03,+4.9849246E+00,+52.5063E-03
+15.4300E-03,+4.9849246E+00,+44.5659E-03
+15.4400E-03,+5.0036747E+00,+52.5063E-03
+15.4500E-03,+5.0244210E+00,+62.5213E-03
+15.4600E-03,+4.9849246E+00,+57.5344E-03
+15.4700E-03,+4.9849246E+00,+52.5063E-03
+15.4800E-03,+4.9849246E+00,+48.4862E-03
+15.4900E-03,+4.9849246E+00,+52.5063E-03
+15.5000E-03,+5.0025007E+00,+60.5465E-03
+15.5100E-03,+5.0621565E+00,+60.5465E-03
+15.5200E-03,+4.9849246E+00,+52.5063E-03
+15.5300E-03,+5.0206639E+00,+46.6992E-03
+15.5400E-03,+4.9849246E+00,+49.2358E-03
+15.5500E-03,+5.0595733E+00,+60.8341E-03
+15.5600E-03,+5.0114241E+00,+60.5465E-03
+15.5700E-03,+4.9849246E+00,+52.5063E-03
+15.5800E-03,+4.9849246E+00,+48.4862E-03
+15.5900E-03,+4.9932610E+00,+52.0895E-03
+15.6000E-03,+4.9849246E+00,+62.0006E-03
+15.6100E-03,+5.0347536E+00,+60.5465E-03
+15.6200E-03,+4.9849246E+00,+52.5063E-03
+15.6300E-03,+4.9958442E+00,+45.0121E-03
+15.6400E-03,+4.9849246E+00,+52.5063E-03
+15.6500E-03,+5.0129144E+00,+63.1671E-03
+15.6600E-03,+4.9849246E+00,+56.8886E-03
+15.6700E-03,+4.9984273E+00,+55.8512E-03
+15.6800E-03,+4.9849246E+00,+46.7737E-03
+15.6900E-03,+4.9849246E+00,+52.5063E-03
+15.7000E-03,+4.9849246E+00,+64.3336E-03
+15.7100E-03,+5.0492407E+00,+60.5465E-03
+15.7200E-03,+4.9849246E+00,+52.5063E-03
+15.7300E-03,+4.9849246E+00,+48.4862E-03
+15.7400E-03,+5.0632493E+00,+52.5063E-03
+15.7500E-03,+4.9849246E+00,+61.4799E-03
+15.7600E-03,+5.0259112E+00,+60.5465E-03
+15.7700E-03,+5.0653266E+00,+52.5063E-03
+15.7800E-03,+4.9849246E+00,+48.4862E-03
+15.7900E-03,+5.0061768E+00,+50.6114E-03
+15.8000E-03,+5.0653266E+00,+62.6464E-03
+15.8100E-03,+5.0476694E+00,+61.4293E-03
+15.8200E-03,+4.9849246E+00,+52.5063E-03
+15.8300E-03,+5.0414912E+00,+47.2944E-03
+15.8400E-03,+5.0653266E+00,+52.5063E-03
+15.8500E-03,+5.0653266E+00,+63.8129E-03
+15.8600E-03,+4.9905968E+00,+60.2629E-03
+15.8700E-03,+5.0113431E+00,+52.5063E-03
+15.8800E-03,+5.0653266E+00,+48.4862E-03
+15.8900E-03,+5.0528357E+00,+48.4862E-03
+15.9000E-03,+4.9931800E+00,+64.5666E-03
+15.9100E-03,+5.0139262E+00,+63.1165E-03
+15.9200E-03,+5.0155786E+00,+54.9937E-03
+15.9300E-03,+4.9849246E+00,+48.4862E-03
+15.9400E-03,+4.9957631E+00,+51.9644E-03
+15.9500E-03,+4.9849246E+00,+62.9873E-03
+15.9600E-03,+5.0653266E+00,+59.1429E-03
+15.9700E-03,+5.0580020E+00,+56.1602E-03
+15.9800E-03,+5.0519049E+00,+48.4862E-03
+15.9900E-03,+5.0311586E+00,+52.5063E-03
+16.0000E-03,+4.9849246E+00,+64.5666E-03
+16.0100E-03,+4.9896660E+00,+60.7836E-03
+16.0200E-03,+5.0493217E+00,+55.7261E-03
+16.0300E-03,+5.0653266E+00,+48.4862E-03
+16.0400E-03,+5.0424220E+00,+56.5264E-03
+16.0500E-03,+5.0653266E+00,+64.5666E-03
+16.0600E-03,+5.0467386E+00,+60.5465E-03
+16.0700E-03,+5.0242589E+00,+52.5063E-03
+16.0800E-03,+5.0052460E+00,+48.4862E-03
+16.0900E-03,+5.0649017E+00,+56.5051E-03
+16.1000E-03,+5.0653266E+00,+61.6050E-03
+16.1100E-03,+5.0653266E+00,+60.5465E-03
+16.1200E-03,+5.0653266E+00,+56.5264E-03
+16.1300E-03,+4.9879326E+00,+52.3559E-03
+16.1400E-03,+5.0415723E+00,+52.5063E-03
+16.1500E-03,+5.0653266E+00,+64.5666E-03
+16.1600E-03,+5.0000797E+00,+60.5465E-03
+16.1700E-03,+5.0597354E+00,+49.0453E-03
+16.1800E-03,+4.9849246E+00,+51.1894E-03
+16.1900E-03,+4.9849246E+00,+52.5063E-03
+16.2000E-03,+5.0653266E+00,+64.5666E-03
+16.2100E-03,+5.0653266E+00,+60.9552E-03
+16.2200E-03,+5.0364060E+00,+53.9523E-03
+16.2300E-03,+5.0156597E+00,+48.4862E-03
+16.2400E-03,+4.9949134E+00,+56.0269E-03
+16.2500E-03,+4.9956821E+00,+68.5867E-03
+16.2600E-03,+5.0164283E+00,+60.5465E-03
+16.2700E-03,+5.0653266E+00,+53.9139E-03
+16.2800E-03,+4.9923302E+00,+48.4862E-03
+16.2900E-03,+4.9982652E+00,+53.1733E-03
+16.3000E-03,+5.0653266E+00,+64.5666E-03
+16.3100E-03,+5.0104934E+00,+60.5465E-03
+16.3200E-03,+5.0653266E+00,+56.5264E-03
+16.3300E-03,+5.0494028E+00,+52.5063E-03
+16.3400E-03,+5.0653266E+00,+54.3398E-03
+16.3500E-03,+5.0079102E+00,+64.5666E-03
+16.3600E-03,+5.0653266E+00,+60.5465E-03
+16.3700E-03,+5.0034315E+00,+56.5264E-03
+16.3800E-03,+5.0241778E+00,+48.4862E-03
+16.3900E-03,+5.0653266E+00,+55.5063E-03
+16.4000E-03,+5.0653266E+00,+68.5867E-03
+16.4100E-03,+5.0653266E+00,+60.5465E-03
+16.4200E-03,+5.0653266E+00,+54.4346E-03
+16.4300E-03,+5.0475073E+00,+49.3772E-03
+16.4400E-03,+5.0653266E+00,+52.6526E-03
+16.4500E-03,+5.0653266E+00,+68.5867E-03
+16.4600E-03,+5.0293441E+00,+60.5465E-03
+16.4700E-03,+5.0001607E+00,+55.7646E-03
+16.4800E-03,+5.0653266E+00,+48.4862E-03
+16.4900E-03,+5.0111810E+00,+52.5063E-03
+16.5000E-03,+5.0653266E+00,+66.2366E-03
+16.5100E-03,+5.0653266E+00,+63.9339E-03
+16.5200E-03,+5.0653266E+00,+56.5264E-03
+16.5300E-03,+5.0653266E+00,+48.4862E-03
+16.5400E-03,+5.0653266E+00,+52.5063E-03
+16.5500E-03,+4.9949944E+00,+68.0832E-03
+16.5600E-03,+4.9956010E+00,+60.5465E-03
+16.5700E-03,+5.0653266E+00,+54.0774E-03
+16.5800E-03,+5.0653266E+00,+49.8978E-03
+16.5900E-03,+5.0653266E+00,+56.1521E-03
+16.6000E-03,+5.0520670E+00,+64.5666E-03
+16.6100E-03,+5.0653266E+00,+60.5465E-03
+16.6200E-03,+5.0653266E+00,+55.2439E-03
+16.6300E-03,+5.0653266E+00,+48.7314E-03
+16.6400E-03,+5.0007673E+00,+55.7342E-03
+16.6500E-03,+5.0287375E+00,+66.3960E-03
+16.6600E-03,+5.0653266E+00,+58.8331E-03
+16.6700E-03,+5.0653266E+00,+56.5264E-03
+16.6800E-03,+5.0469007E+00,+48.4862E-03
+16.6900E-03,+5.0653266E+00,+54.4649E-03
+16.7000E-03,+5.0653266E+00,+67.5625E-03
+16.7100E-03,+5.0653266E+00,+60.5465E-03
+16.7200E-03,+5.0653266E+00,+54.6072E-03
+16.7300E-03,+5.0235712E+00,+50.5740E-03
+16.7400E-03,+5.0653266E+00,+52.5063E-03
+16.7500E-03,+5.0653266E+00,+68.4444E-03
+16.7600E-03,+5.0653266E+00,+57.7060E-03
+16.7700E-03,+5.0653266E+00,+54.3095E-03
+16.7800E-03,+5.0653266E+00,+48.4862E-03
+16.7900E-03,+5.0653266E+00,+52.7777E-03
+16.8000E-03,+5.0653266E+00,+65.8754E-03
+16.8100E-03,+5.0653266E+00,+60.5465E-03
+16.8200E-03,+5.0653266E+00,+53.1430E-03
+16.8300E-03,+4.9929368E+00,+48.4862E-03
+16.8400E-03,+5.0653266E+00,+56.5264E-03
+16.8500E-03,+5.0653266E+00,+64.5666E-03
+16.8600E-03,+5.0653266E+00,+60.5465E-03
+16.8700E-03,+5.0653266E+00,+56.5264E-03
+16.8800E-03,+5.0653266E+00,+48.4862E-03
+16.8900E-03,+5.0653266E+00,+55.1107E-03
+16.9000E-03,+5.0653266E+00,+64.5666E-03
+16.9100E-03,+5.0653266E+00,+60.5465E-03
+16.9200E-03,+5.0653266E+00,+56.5264E-03
+16.9300E-03,+5.0653266E+00,+48.4862E-03
+16.9400E-03,+5.0653266E+00,+56.5264E-03
+16.9500E-03,+5.0653266E+00,+67.7986E-03
+16.9600E-03,+5.0653266E+00,+60.5465E-03
+16.9700E-03,+5.0653266E+00,+55.3690E-03
+16.9800E-03,+5.0653266E+00,+48.4862E-03
+16.9900E-03,+5.0653266E+00,+56.5264E-03
+17.0000E-03,+5.0262354E+00,+66.6321E-03
+17.0100E-03,+5.0653266E+00,+60.5465E-03
+17.0200E-03,+5.0653266E+00,+56.5264E-03
+17.0300E-03,+5.0653266E+00,+45.5125E-03
+17.0400E-03,+5.0653266E+00,+56.5264E-03
+17.0500E-03,+5.0653266E+00,+67.6876E-03
+17.0600E-03,+5.0653266E+00,+64.4283E-03
+17.0700E-03,+5.0084357E+00,+52.5063E-03
+17.0800E-03,+5.0653266E+00,+46.2733E-03
+17.0900E-03,+5.0653266E+00,+53.2762E-03
+17.1000E-03,+5.0653266E+00,+64.5666E-03
+17.1100E-03,+5.0653266E+00,+60.5465E-03
+17.1200E-03,+5.0653266E+00,+54.8483E-03
+17.1300E-03,+5.0653266E+00,+48.4862E-03
+17.1400E-03,+5.0653266E+00,+56.1298E-03
+17.1500E-03,+5.0653266E+00,+67.1528E-03
+17.1600E-03,+5.0653266E+00,+58.0753E-03
+17.1700E-03,+5.0653266E+00,+52.5063E-03
+17.1800E-03,+5.0653266E+00,+44.4661E-03
+17.1900E-03,+5.0653266E+00,+54.0693E-03
+17.2000E-03,+5.0653266E+00,+64.5666E-03
+17.2100E-03,+5.0653266E+00,+60.5465E-03
+17.2200E-03,+5.0653266E+00,+56.5264E-03
+17.2300E-03,+5.0653266E+00,+48.4862E-03
+17.2400E-03,+5.0653266E+00,+53.7969E-03
+17.2500E-03,+5.0653266E+00,+68.3334E-03
+17.2600E-03,+5.0653266E+00,+61.3305E-03
+17.2700E-03,+5.1017535E+00,+50.6849E-03
+17.2800E-03,+5.0653266E+00,+48.4862E-03
+17.2900E-03,+5.0653266E+00,+52.5063E-03
+17.3000E-03,+5.0653266E+00,+64.5666E-03
+17.3100E-03,+5.0653266E+00,+62.6161E-03
+17.3200E-03,+5.0653266E+00,+55.4941E-03
+17.3300E-03,+5.0653266E+00,+44.4661E-03
+17.3400E-03,+5.0653266E+00,+56.5264E-03
+17.3500E-03,+5.0653266E+00,+64.5666E-03
+17.3600E-03,+5.0653266E+00,+60.5465E-03
+17.3700E-03,+5.0653266E+00,+52.3721E-03
+17.3800E-03,+5.0653266E+00,+48.4862E-03
+17.3900E-03,+5.1015522E+00,+52.5063E-03
+17.4000E-03,+5.0653266E+00,+64.5666E-03
+17.4100E-03,+5.0653266E+00,+56.7897E-03
+17.4200E-03,+5.0653266E+00,+53.8069E-03
+17.4300E-03,+5.0653266E+00,+48.4862E-03
+17.4400E-03,+5.0653266E+00,+53.1511E-03
+17.4500E-03,+5.0653266E+00,+60.9390E-03
+17.4600E-03,+5.0939230E+00,+60.5465E-03
+17.4700E-03,+5.0653266E+00,+52.5063E-03
+17.4800E-03,+5.0653266E+00,+48.4862E-03
+17.4900E-03,+5.1352953E+00,+53.0279E-03
+17.5000E-03,+5.0965062E+00,+67.0277E-03
+17.5100E-03,+5.0653266E+00,+59.1227E-03
+17.5200E-03,+5.0653266E+00,+53.2793E-03
+17.5300E-03,+5.0653266E+00,+45.1169E-03
+17.5400E-03,+5.0653266E+00,+54.8382E-03
+17.5500E-03,+5.1198356E+00,+64.5666E-03
+17.5600E-03,+5.0653266E+00,+56.7837E-03
+17.5700E-03,+5.0653266E+00,+52.5063E-03
+17.5800E-03,+5.0653266E+00,+48.4862E-03
+17.5900E-03,+5.0653266E+00,+52.5063E-03
+17.6000E-03,+5.0653266E+00,+64.5666E-03
+17.6100E-03,+5.0653266E+00,+59.6373E-03
+17.6200E-03,+5.0653266E+00,+52.5063E-03
+17.6300E-03,+5.0653266E+00,+44.4661E-03
+17.6400E-03,+5.0653266E+00,+52.5063E-03
+17.6500E-03,+5.0653266E+00,+64.5666E-03
+17.6600E-03,+5.0653266E+00,+58.4709E-03
+17.6700E-03,+5.0653266E+00,+52.5063E-03
+17.6800E-03,+5.0653266E+00,+48.3560E-03
+17.6900E-03,+5.0653266E+00,+55.3589E-03
+17.7000E-03,+5.0653266E+00,+66.7714E-03
+17.7100E-03,+5.0653266E+00,+59.7685E-03
+17.7200E-03,+5.0653266E+00,+52.2470E-03
+17.7300E-03,+5.0653266E+00,+45.7627E-03
+17.7400E-03,+5.0653266E+00,+52.5063E-03
+17.7500E-03,+5.0653266E+00,+64.5666E-03
+17.7600E-03,+5.0653266E+00,+56.5264E-03
+17.7700E-03,+5.0653266E+00,+52.5063E-03
+17.7800E-03,+5.0653266E+00,+44.4661E-03
+17.7900E-03,+5.0653266E+00,+52.5063E-03
+17.8000E-03,+5.0653266E+00,+64.0490E-03
+17.8100E-03,+5.1146301E+00,+56.5264E-03
+17.8200E-03,+5.0653266E+00,+49.9140E-03
+17.8300E-03,+5.0653266E+00,+44.4661E-03
+17.8400E-03,+5.0653266E+00,+53.1531E-03
+17.8500E-03,+5.0653266E+00,+64.5666E-03
